Work Item Type,Title 1,Title 2,Title 3,Title 4,State,Description,Acceptance Criteria,Tags
Epic,Project Governance & Planning,,,,New,"Define ClinicalPulse purpose, business scope, stakeholders, architecture, delivery workflow, and baseline governance artifacts.",,ClinicalPulse; Sprint-0-1; Phase-1; E01; Governance; Planning; AP-ClinicalPulse\Governance & Planning; IP-ClinicalPulse\Sprint 1 - Governance and Design
Feature,,DevOps Project Setup & Delivery Controls,,,New,Set up the Azure DevOps/GitHub delivery foundation for the project.,,ClinicalPulse; Sprint-0-1; Phase-1; E01; F01.01; DevOps; AP-ClinicalPulse\Governance & Planning; IP-ClinicalPulse\Sprint 0 - Project Setup
User Story,,,Create Azure DevOps project structure,,New,"As a project owner, I want create azure devops project structure so that the backlog has a clean structure for ClinicalPulse delivery.",Deliverable exists at azure-devops/backlog.md; content aligns with the ClinicalPulse specification; reviewer can trace the work item to a committed artifact; assumptions and limitations are documented where relevant.,ClinicalPulse; Sprint-0-1; Phase-1; E01; F01.01; Azure-Boards; AP-ClinicalPulse\Governance & Planning; IP-ClinicalPulse\Sprint 0 - Project Setup
Task,,,,Draft/build artifact for Create Azure DevOps project structure,New,Create the first complete version of the artifact or implementation for Create Azure DevOps project structure.,,ClinicalPulse; Sprint-0-1; Phase-1; E01; F01.01; Azure-Boards; AP-ClinicalPulse\Governance & Planning; IP-ClinicalPulse\Sprint 0 - Project Setup
Task,,,,Validate and document Create Azure DevOps project structure,New,"Check the work against acceptance criteria, document assumptions, and record evidence for Create Azure DevOps project structure.",,ClinicalPulse; Sprint-0-1; Phase-1; E01; F01.01; Azure-Boards; AP-ClinicalPulse\Governance & Planning; IP-ClinicalPulse\Sprint 0 - Project Setup
User Story,,,"Define epics, features, sprint cadence, and tags",,New,"As a project owner, I want define epics, features, sprint cadence, and tags so that planning work can be tracked consistently across sprints.",Deliverable exists at azure-devops/sprint_plan.md; content aligns with the ClinicalPulse specification; reviewer can trace the work item to a committed artifact; assumptions and limitations are documented where relevant.,ClinicalPulse; Sprint-0-1; Phase-1; E01; F01.01; Sprint-Planning; AP-ClinicalPulse\Governance & Planning; IP-ClinicalPulse\Sprint 0 - Project Setup
Task,,,,"Draft/build artifact for Define epics, features, sprint cadence, and tags",New,"Create the first complete version of the artifact or implementation for Define epics, features, sprint cadence, and tags.",,ClinicalPulse; Sprint-0-1; Phase-1; E01; F01.01; Sprint-Planning; AP-ClinicalPulse\Governance & Planning; IP-ClinicalPulse\Sprint 0 - Project Setup
Task,,,,"Validate and document Define epics, features, sprint cadence, and tags",New,"Check the work against acceptance criteria, document assumptions, and record evidence for Define epics, features, sprint cadence, and tags.",,ClinicalPulse; Sprint-0-1; Phase-1; E01; F01.01; Sprint-Planning; AP-ClinicalPulse\Governance & Planning; IP-ClinicalPulse\Sprint 0 - Project Setup
User Story,,,Document GitHub and Azure Boards traceability conventions,,New,"As a developer, I want document github and azure boards traceability conventions so that commits and work items can be linked and reviewed.",Deliverable exists at docs/devops_workflow.md; content aligns with the ClinicalPulse specification; reviewer can trace the work item to a committed artifact; assumptions and limitations are documented where relevant.,ClinicalPulse; Sprint-0-1; Phase-1; E01; F01.01; GitHub; Traceability; AP-ClinicalPulse\Governance & Planning; IP-ClinicalPulse\Sprint 0 - Project Setup
Task,,,,Draft/build artifact for Document GitHub and Azure Boards traceability conventions,New,Create the first complete version of the artifact or implementation for Document GitHub and Azure Boards traceability conventions.,,ClinicalPulse; Sprint-0-1; Phase-1; E01; F01.01; GitHub; Traceability; AP-ClinicalPulse\Governance & Planning; IP-ClinicalPulse\Sprint 0 - Project Setup
Task,,,,Validate and document Document GitHub and Azure Boards traceability conventions,New,"Check the work against acceptance criteria, document assumptions, and record evidence for Document GitHub and Azure Boards traceability conventions.",,ClinicalPulse; Sprint-0-1; Phase-1; E01; F01.01; GitHub; Traceability; AP-ClinicalPulse\Governance & Planning; IP-ClinicalPulse\Sprint 0 - Project Setup
Feature,,"Charter, Business Requirements, and Stakeholders",,,New,Define the business-facing foundation for ClinicalPulse.,,"ClinicalPulse; Sprint-0-1; Phase-1; E01; F01.02; Charter,; AP-ClinicalPulse\Governance & Planning; IP-ClinicalPulse\Sprint 1 - Governance and Design"
User Story,,,Finalize the project charter,,New,"As a stakeholder, I want finalize the project charter so that purpose, scope, success criteria, and assumptions are clear.",Deliverable exists at docs/project_charter.md; content aligns with the ClinicalPulse specification; reviewer can trace the work item to a committed artifact; assumptions and limitations are documented where relevant.,ClinicalPulse; Sprint-0-1; Phase-1; E01; F01.02; Charter; AP-ClinicalPulse\Governance & Planning; IP-ClinicalPulse\Sprint 1 - Governance and Design
Task,,,,Draft/build artifact for Finalize the project charter,New,Create the first complete version of the artifact or implementation for Finalize the project charter.,,ClinicalPulse; Sprint-0-1; Phase-1; E01; F01.02; Charter; AP-ClinicalPulse\Governance & Planning; IP-ClinicalPulse\Sprint 1 - Governance and Design
Task,,,,Validate and document Finalize the project charter,New,"Check the work against acceptance criteria, document assumptions, and record evidence for Finalize the project charter.",,ClinicalPulse; Sprint-0-1; Phase-1; E01; F01.02; Charter; AP-ClinicalPulse\Governance & Planning; IP-ClinicalPulse\Sprint 1 - Governance and Design
User Story,,,Create the business requirements document,,New,"As a operational stakeholder, I want create the business requirements document so that analytical needs are captured in business language.",Deliverable exists at docs/business_requirements.md; content aligns with the ClinicalPulse specification; reviewer can trace the work item to a committed artifact; assumptions and limitations are documented where relevant.,ClinicalPulse; Sprint-0-1; Phase-1; E01; F01.02; BRD; AP-ClinicalPulse\Governance & Planning; IP-ClinicalPulse\Sprint 1 - Governance and Design
Task,,,,Draft/build artifact for Create the business requirements document,New,Create the first complete version of the artifact or implementation for Create the business requirements document.,,ClinicalPulse; Sprint-0-1; Phase-1; E01; F01.02; BRD; AP-ClinicalPulse\Governance & Planning; IP-ClinicalPulse\Sprint 1 - Governance and Design
Task,,,,Validate and document Create the business requirements document,New,"Check the work against acceptance criteria, document assumptions, and record evidence for Create the business requirements document.",,ClinicalPulse; Sprint-0-1; Phase-1; E01; F01.02; BRD; AP-ClinicalPulse\Governance & Planning; IP-ClinicalPulse\Sprint 1 - Governance and Design
User Story,,,Create the stakeholder matrix,,New,"As a project owner, I want create the stakeholder matrix so that users, owners, stewards, and reviewers are identified.",Deliverable exists at docs/stakeholder_matrix.md; content aligns with the ClinicalPulse specification; reviewer can trace the work item to a committed artifact; assumptions and limitations are documented where relevant.,ClinicalPulse; Sprint-0-1; Phase-1; E01; F01.02; Stakeholders; AP-ClinicalPulse\Governance & Planning; IP-ClinicalPulse\Sprint 1 - Governance and Design
Task,,,,Draft/build artifact for Create the stakeholder matrix,New,Create the first complete version of the artifact or implementation for Create the stakeholder matrix.,,ClinicalPulse; Sprint-0-1; Phase-1; E01; F01.02; Stakeholders; AP-ClinicalPulse\Governance & Planning; IP-ClinicalPulse\Sprint 1 - Governance and Design
Task,,,,Validate and document Create the stakeholder matrix,New,"Check the work against acceptance criteria, document assumptions, and record evidence for Create the stakeholder matrix.",,ClinicalPulse; Sprint-0-1; Phase-1; E01; F01.02; Stakeholders; AP-ClinicalPulse\Governance & Planning; IP-ClinicalPulse\Sprint 1 - Governance and Design
Feature,,Architecture and Governance Baseline,,,New,Document the target platform architecture and governance assumptions.,,ClinicalPulse; Sprint-0-1; Phase-1; E01; F01.03; Architecture; AP-ClinicalPulse\Governance & Planning; IP-ClinicalPulse\Sprint 1 - Governance and Design
User Story,,,Draft the architecture overview,,New,"As a technical reviewer, I want draft the architecture overview so that the end-to-end architecture is understandable before build begins.",Deliverable exists at docs/architecture_overview.md; content aligns with the ClinicalPulse specification; reviewer can trace the work item to a committed artifact; assumptions and limitations are documented where relevant.,ClinicalPulse; Sprint-0-1; Phase-1; E01; F01.03; Architecture; AP-ClinicalPulse\Governance & Planning; IP-ClinicalPulse\Sprint 1 - Governance and Design
Task,,,,Draft/build artifact for Draft the architecture overview,New,Create the first complete version of the artifact or implementation for Draft the architecture overview.,,ClinicalPulse; Sprint-0-1; Phase-1; E01; F01.03; Architecture; AP-ClinicalPulse\Governance & Planning; IP-ClinicalPulse\Sprint 1 - Governance and Design
Task,,,,Validate and document Draft the architecture overview,New,"Check the work against acceptance criteria, document assumptions, and record evidence for Draft the architecture overview.",,ClinicalPulse; Sprint-0-1; Phase-1; E01; F01.03; Architecture; AP-ClinicalPulse\Governance & Planning; IP-ClinicalPulse\Sprint 1 - Governance and Design
User Story,,,Create the KPI dictionary skeleton,,New,"As a data steward, I want create the kpi dictionary skeleton so that future metrics have a standard definition template.",Deliverable exists at docs/kpi_dictionary.md; content aligns with the ClinicalPulse specification; reviewer can trace the work item to a committed artifact; assumptions and limitations are documented where relevant.,ClinicalPulse; Sprint-0-1; Phase-1; E01; F01.03; KPI; AP-ClinicalPulse\Governance & Planning; IP-ClinicalPulse\Sprint 1 - Governance and Design
Task,,,,Draft/build artifact for Create the KPI dictionary skeleton,New,Create the first complete version of the artifact or implementation for Create the KPI dictionary skeleton.,,ClinicalPulse; Sprint-0-1; Phase-1; E01; F01.03; KPI; AP-ClinicalPulse\Governance & Planning; IP-ClinicalPulse\Sprint 1 - Governance and Design
Task,,,,Validate and document Create the KPI dictionary skeleton,New,"Check the work against acceptance criteria, document assumptions, and record evidence for Create the KPI dictionary skeleton.",,ClinicalPulse; Sprint-0-1; Phase-1; E01; F01.03; KPI; AP-ClinicalPulse\Governance & Planning; IP-ClinicalPulse\Sprint 1 - Governance and Design
User Story,,,Draft the data governance plan,,New,"As a data steward, I want draft the data governance plan so that governance responsibilities are treated as part of delivery.",Deliverable exists at docs/data_governance_plan.md; content aligns with the ClinicalPulse specification; reviewer can trace the work item to a committed artifact; assumptions and limitations are documented where relevant.,ClinicalPulse; Sprint-0-1; Phase-1; E01; F01.03; Governance; AP-ClinicalPulse\Governance & Planning; IP-ClinicalPulse\Sprint 1 - Governance and Design
Task,,,,Draft/build artifact for Draft the data governance plan,New,Create the first complete version of the artifact or implementation for Draft the data governance plan.,,ClinicalPulse; Sprint-0-1; Phase-1; E01; F01.03; Governance; AP-ClinicalPulse\Governance & Planning; IP-ClinicalPulse\Sprint 1 - Governance and Design
Task,,,,Validate and document Draft the data governance plan,New,"Check the work against acceptance criteria, document assumptions, and record evidence for Draft the data governance plan.",,ClinicalPulse; Sprint-0-1; Phase-1; E01; F01.03; Governance; AP-ClinicalPulse\Governance & Planning; IP-ClinicalPulse\Sprint 1 - Governance and Design
User Story,,,Define security and public portfolio safety assumptions,,New,"As a security reviewer, I want define security and public portfolio safety assumptions so that synthetic-data handling and repository safety are explicit.",Deliverable exists at docs/security_model.md; content aligns with the ClinicalPulse specification; reviewer can trace the work item to a committed artifact; assumptions and limitations are documented where relevant.,ClinicalPulse; Sprint-0-1; Phase-1; E01; F01.03; Security; Portfolio-Safe; AP-ClinicalPulse\Governance & Planning; IP-ClinicalPulse\Sprint 1 - Governance and Design
Task,,,,Draft/build artifact for Define security and public portfolio safety assumptions,New,Create the first complete version of the artifact or implementation for Define security and public portfolio safety assumptions.,,ClinicalPulse; Sprint-0-1; Phase-1; E01; F01.03; Security; Portfolio-Safe; AP-ClinicalPulse\Governance & Planning; IP-ClinicalPulse\Sprint 1 - Governance and Design
Task,,,,Validate and document Define security and public portfolio safety assumptions,New,"Check the work against acceptance criteria, document assumptions, and record evidence for Define security and public portfolio safety assumptions.",,ClinicalPulse; Sprint-0-1; Phase-1; E01; F01.03; Security; Portfolio-Safe; AP-ClinicalPulse\Governance & Planning; IP-ClinicalPulse\Sprint 1 - Governance and Design
Epic,Source Data Foundation,,,,New,"Generate or acquire Synthea synthetic EHR data and document source assumptions, inventory, limitations, and handling rules.",,ClinicalPulse; Sprint-2; Phase-2; E02; Synthea; Source-Data; AP-ClinicalPulse\Source Data; IP-ClinicalPulse\Sprint 2 - Source Data Foundation
Feature,,Synthea Dataset Generation,,,New,Generate or acquire the synthetic EHR source dataset reproducibly.,,ClinicalPulse; Sprint-2; Phase-2; E02; F02.01; Synthea; AP-ClinicalPulse\Source Data; IP-ClinicalPulse\Sprint 2 - Source Data Foundation
User Story,,,Choose Synthea generation settings,,New,"As a BI developer, I want choose synthea generation settings so that the synthetic dataset has documented geography, seed, population, and export format.",Deliverable exists at docs/generate_synthea_data.md; content aligns with the ClinicalPulse specification; reviewer can trace the work item to a committed artifact; assumptions and limitations are documented where relevant.,ClinicalPulse; Sprint-2; Phase-2; E02; F02.01; Synthea; AP-ClinicalPulse\Source Data; IP-ClinicalPulse\Sprint 2 - Source Data Foundation
Task,,,,Draft/build artifact for Choose Synthea generation settings,New,Create the first complete version of the artifact or implementation for Choose Synthea generation settings.,,ClinicalPulse; Sprint-2; Phase-2; E02; F02.01; Synthea; AP-ClinicalPulse\Source Data; IP-ClinicalPulse\Sprint 2 - Source Data Foundation
Task,,,,Validate and document Choose Synthea generation settings,New,"Check the work against acceptance criteria, document assumptions, and record evidence for Choose Synthea generation settings.",,ClinicalPulse; Sprint-2; Phase-2; E02; F02.01; Synthea; AP-ClinicalPulse\Source Data; IP-ClinicalPulse\Sprint 2 - Source Data Foundation
User Story,,,Generate or acquire selected Synthea CSV files,,New,"As a BI developer, I want generate or acquire selected synthea csv files so that the expected source files are available locally for ingestion.",Deliverable exists at data/raw/; content aligns with the ClinicalPulse specification; reviewer can trace the work item to a committed artifact; assumptions and limitations are documented where relevant.,ClinicalPulse; Sprint-2; Phase-2; E02; F02.01; Synthea; CSV; AP-ClinicalPulse\Source Data; IP-ClinicalPulse\Sprint 2 - Source Data Foundation
Task,,,,Draft/build artifact for Generate or acquire selected Synthea CSV files,New,Create the first complete version of the artifact or implementation for Generate or acquire selected Synthea CSV files.,,ClinicalPulse; Sprint-2; Phase-2; E02; F02.01; Synthea; CSV; AP-ClinicalPulse\Source Data; IP-ClinicalPulse\Sprint 2 - Source Data Foundation
Task,,,,Validate and document Generate or acquire selected Synthea CSV files,New,"Check the work against acceptance criteria, document assumptions, and record evidence for Generate or acquire selected Synthea CSV files.",,ClinicalPulse; Sprint-2; Phase-2; E02; F02.01; Synthea; CSV; AP-ClinicalPulse\Source Data; IP-ClinicalPulse\Sprint 2 - Source Data Foundation
User Story,,,Document source acquisition and regeneration steps,,New,"As a reviewer, I want document source acquisition and regeneration steps so that the dataset can be recreated or replaced without confusion.",Deliverable exists at docs/generate_synthea_data.md; content aligns with the ClinicalPulse specification; reviewer can trace the work item to a committed artifact; assumptions and limitations are documented where relevant.,ClinicalPulse; Sprint-2; Phase-2; E02; F02.01; Reproducibility; AP-ClinicalPulse\Source Data; IP-ClinicalPulse\Sprint 2 - Source Data Foundation
Task,,,,Draft/build artifact for Document source acquisition and regeneration steps,New,Create the first complete version of the artifact or implementation for Document source acquisition and regeneration steps.,,ClinicalPulse; Sprint-2; Phase-2; E02; F02.01; Reproducibility; AP-ClinicalPulse\Source Data; IP-ClinicalPulse\Sprint 2 - Source Data Foundation
Task,,,,Validate and document Document source acquisition and regeneration steps,New,"Check the work against acceptance criteria, document assumptions, and record evidence for Document source acquisition and regeneration steps.",,ClinicalPulse; Sprint-2; Phase-2; E02; F02.01; Reproducibility; AP-ClinicalPulse\Source Data; IP-ClinicalPulse\Sprint 2 - Source Data Foundation
Feature,,Source Inventory and Profiling,,,New,Inventory and profile selected Synthea source entities before ingestion.,,ClinicalPulse; Sprint-2; Phase-2; E02; F02.02; Source; AP-ClinicalPulse\Source Data; IP-ClinicalPulse\Sprint 2 - Source Data Foundation
User Story,,,Create source file inventory,,New,"As a data engineer, I want create source file inventory so that all selected source files, row counts, and expected keys are documented.",Deliverable exists at docs/source_file_inventory.md; content aligns with the ClinicalPulse specification; reviewer can trace the work item to a committed artifact; assumptions and limitations are documented where relevant.,ClinicalPulse; Sprint-2; Phase-2; E02; F02.02; Inventory; AP-ClinicalPulse\Source Data; IP-ClinicalPulse\Sprint 2 - Source Data Foundation
Task,,,,Draft/build artifact for Create source file inventory,New,Create the first complete version of the artifact or implementation for Create source file inventory.,,ClinicalPulse; Sprint-2; Phase-2; E02; F02.02; Inventory; AP-ClinicalPulse\Source Data; IP-ClinicalPulse\Sprint 2 - Source Data Foundation
Task,,,,Validate and document Create source file inventory,New,"Check the work against acceptance criteria, document assumptions, and record evidence for Create source file inventory.",,ClinicalPulse; Sprint-2; Phase-2; E02; F02.02; Inventory; AP-ClinicalPulse\Source Data; IP-ClinicalPulse\Sprint 2 - Source Data Foundation
User Story,,,Profile core clinical and operational source files,,New,"As a data analyst, I want profile core clinical and operational source files so that patients, encounters, conditions, observations, procedures, organizations, and providers are understood.",Deliverable exists at docs/source_entity_profile.md; content aligns with the ClinicalPulse specification; reviewer can trace the work item to a committed artifact; assumptions and limitations are documented where relevant.,ClinicalPulse; Sprint-2; Phase-2; E02; F02.02; Profiling; AP-ClinicalPulse\Source Data; IP-ClinicalPulse\Sprint 2 - Source Data Foundation
Task,,,,Draft/build artifact for Profile core clinical and operational source files,New,Create the first complete version of the artifact or implementation for Profile core clinical and operational source files.,,ClinicalPulse; Sprint-2; Phase-2; E02; F02.02; Profiling; AP-ClinicalPulse\Source Data; IP-ClinicalPulse\Sprint 2 - Source Data Foundation
Task,,,,Validate and document Profile core clinical and operational source files,New,"Check the work against acceptance criteria, document assumptions, and record evidence for Profile core clinical and operational source files.",,ClinicalPulse; Sprint-2; Phase-2; E02; F02.02; Profiling; AP-ClinicalPulse\Source Data; IP-ClinicalPulse\Sprint 2 - Source Data Foundation
User Story,,,Identify optional entities for later expansion,,New,"As a project owner, I want identify optional entities for later expansion so that medications, payers, and careplans are scoped without derailing version 1.",Deliverable exists at docs/source_scope_notes.md; content aligns with the ClinicalPulse specification; reviewer can trace the work item to a committed artifact; assumptions and limitations are documented where relevant.,ClinicalPulse; Sprint-2; Phase-2; E02; F02.02; Scope-Control; AP-ClinicalPulse\Source Data; IP-ClinicalPulse\Sprint 2 - Source Data Foundation
Task,,,,Draft/build artifact for Identify optional entities for later expansion,New,Create the first complete version of the artifact or implementation for Identify optional entities for later expansion.,,ClinicalPulse; Sprint-2; Phase-2; E02; F02.02; Scope-Control; AP-ClinicalPulse\Source Data; IP-ClinicalPulse\Sprint 2 - Source Data Foundation
Task,,,,Validate and document Identify optional entities for later expansion,New,"Check the work against acceptance criteria, document assumptions, and record evidence for Identify optional entities for later expansion.",,ClinicalPulse; Sprint-2; Phase-2; E02; F02.02; Scope-Control; AP-ClinicalPulse\Source Data; IP-ClinicalPulse\Sprint 2 - Source Data Foundation
Feature,,Data Handling and Repository Safety,,,New,Keep source data local and document safe public-portfolio practices.,,ClinicalPulse; Sprint-2; Phase-2; E02; F02.03; Data; AP-ClinicalPulse\Source Data; IP-ClinicalPulse\Sprint 2 - Source Data Foundation
User Story,,,"Update .gitignore for raw data, secrets, and local artifacts",,New,"As a developer, I want update .gitignore for raw data, secrets, and local artifacts so that unsafe files are excluded from Git before ingestion begins.",Deliverable exists at .gitignore; content aligns with the ClinicalPulse specification; reviewer can trace the work item to a committed artifact; assumptions and limitations are documented where relevant.,ClinicalPulse; Sprint-2; Phase-2; E02; F02.03; Repo-Safety; AP-ClinicalPulse\Source Data; IP-ClinicalPulse\Sprint 2 - Source Data Foundation
Task,,,,"Draft/build artifact for Update .gitignore for raw data, secrets, and local artifacts",New,"Create the first complete version of the artifact or implementation for Update .gitignore for raw data, secrets, and local artifacts.",,ClinicalPulse; Sprint-2; Phase-2; E02; F02.03; Repo-Safety; AP-ClinicalPulse\Source Data; IP-ClinicalPulse\Sprint 2 - Source Data Foundation
Task,,,,"Validate and document Update .gitignore for raw data, secrets, and local artifacts",New,"Check the work against acceptance criteria, document assumptions, and record evidence for Update .gitignore for raw data, secrets, and local artifacts.",,ClinicalPulse; Sprint-2; Phase-2; E02; F02.03; Repo-Safety; AP-ClinicalPulse\Source Data; IP-ClinicalPulse\Sprint 2 - Source Data Foundation
User Story,,,Create safe sample data policy,,New,"As a project owner, I want create safe sample data policy so that any public samples are intentionally curated and clearly synthetic.",Deliverable exists at docs/data_handling_rules.md; content aligns with the ClinicalPulse specification; reviewer can trace the work item to a committed artifact; assumptions and limitations are documented where relevant.,ClinicalPulse; Sprint-2; Phase-2; E02; F02.03; Portfolio-Safe; AP-ClinicalPulse\Source Data; IP-ClinicalPulse\Sprint 2 - Source Data Foundation
Task,,,,Draft/build artifact for Create safe sample data policy,New,Create the first complete version of the artifact or implementation for Create safe sample data policy.,,ClinicalPulse; Sprint-2; Phase-2; E02; F02.03; Portfolio-Safe; AP-ClinicalPulse\Source Data; IP-ClinicalPulse\Sprint 2 - Source Data Foundation
Task,,,,Validate and document Create safe sample data policy,New,"Check the work against acceptance criteria, document assumptions, and record evidence for Create safe sample data policy.",,ClinicalPulse; Sprint-2; Phase-2; E02; F02.03; Portfolio-Safe; AP-ClinicalPulse\Source Data; IP-ClinicalPulse\Sprint 2 - Source Data Foundation
User Story,,,Document synthetic-data limitations and disclaimers,,New,"As a stakeholder, I want document synthetic-data limitations and disclaimers so that reviewers understand the data is simulation-only and not real patient data.",Deliverable exists at docs/data_handling_rules.md; content aligns with the ClinicalPulse specification; reviewer can trace the work item to a committed artifact; assumptions and limitations are documented where relevant.,ClinicalPulse; Sprint-2; Phase-2; E02; F02.03; Synthetic-Data; AP-ClinicalPulse\Source Data; IP-ClinicalPulse\Sprint 2 - Source Data Foundation
Task,,,,Draft/build artifact for Document synthetic-data limitations and disclaimers,New,Create the first complete version of the artifact or implementation for Document synthetic-data limitations and disclaimers.,,ClinicalPulse; Sprint-2; Phase-2; E02; F02.03; Synthetic-Data; AP-ClinicalPulse\Source Data; IP-ClinicalPulse\Sprint 2 - Source Data Foundation
Task,,,,Validate and document Document synthetic-data limitations and disclaimers,New,"Check the work against acceptance criteria, document assumptions, and record evidence for Document synthetic-data limitations and disclaimers.",,ClinicalPulse; Sprint-2; Phase-2; E02; F02.03; Synthetic-Data; AP-ClinicalPulse\Source Data; IP-ClinicalPulse\Sprint 2 - Source Data Foundation
Epic,SQL Server Ingestion,,,,New,"Create SQL Server foundation, bronze tables, ingestion scripts, audit logs, and row-count reconciliation.",,ClinicalPulse; Sprint-3; Phase-3; E03; SQL-Server; Ingestion; AP-ClinicalPulse\SQL Server; IP-ClinicalPulse\Sprint 3 - SQL Server Ingestion
Feature,,Database and Schema Foundation,,,New,"Create SQL Server database, schemas, naming standards, and connection assumptions.",,ClinicalPulse; Sprint-3; Phase-3; E03; F03.01; Database; AP-ClinicalPulse\SQL Server; IP-ClinicalPulse\Sprint 3 - SQL Server Ingestion
User Story,,,Create database and schema scripts,,New,"As a data engineer, I want create database and schema scripts so that SQL Server has bronze, silver, gold, governance, audit, and api schemas.",Deliverable exists at sql/00_create_database.sql; sql/01_create_schemas.sql; content aligns with the ClinicalPulse specification; reviewer can trace the work item to a committed artifact; assumptions and limitations are documented where relevant.,ClinicalPulse; Sprint-3; Phase-3; E03; F03.01; SQL-Server; AP-ClinicalPulse\SQL Server; IP-ClinicalPulse\Sprint 3 - SQL Server Ingestion
Task,,,,Draft/build artifact for Create database and schema scripts,New,Create the first complete version of the artifact or implementation for Create database and schema scripts.,,ClinicalPulse; Sprint-3; Phase-3; E03; F03.01; SQL-Server; AP-ClinicalPulse\SQL Server; IP-ClinicalPulse\Sprint 3 - SQL Server Ingestion
Task,,,,Validate and document Create database and schema scripts,New,"Check the work against acceptance criteria, document assumptions, and record evidence for Create database and schema scripts.",,ClinicalPulse; Sprint-3; Phase-3; E03; F03.01; SQL-Server; AP-ClinicalPulse\SQL Server; IP-ClinicalPulse\Sprint 3 - SQL Server Ingestion
Task,,,,Commit and link implementation evidence for Create database and schema scripts,New,"Commit related code/docs, reference the Azure Boards work item in the commit, and capture validation notes for Create database and schema scripts.",,ClinicalPulse; Sprint-3; Phase-3; E03; F03.01; SQL-Server; Evidence; AP-ClinicalPulse\SQL Server; IP-ClinicalPulse\Sprint 3 - SQL Server Ingestion
User Story,,,Define SQL naming and scripting standards,,New,"As a developer, I want define sql naming and scripting standards so that objects, keys, constraints, and scripts follow consistent conventions.",Deliverable exists at docs/sql_standards.md; content aligns with the ClinicalPulse specification; reviewer can trace the work item to a committed artifact; assumptions and limitations are documented where relevant.,ClinicalPulse; Sprint-3; Phase-3; E03; F03.01; Standards; AP-ClinicalPulse\SQL Server; IP-ClinicalPulse\Sprint 3 - SQL Server Ingestion
Task,,,,Draft/build artifact for Define SQL naming and scripting standards,New,Create the first complete version of the artifact or implementation for Define SQL naming and scripting standards.,,ClinicalPulse; Sprint-3; Phase-3; E03; F03.01; Standards; AP-ClinicalPulse\SQL Server; IP-ClinicalPulse\Sprint 3 - SQL Server Ingestion
Task,,,,Validate and document Define SQL naming and scripting standards,New,"Check the work against acceptance criteria, document assumptions, and record evidence for Define SQL naming and scripting standards.",,ClinicalPulse; Sprint-3; Phase-3; E03; F03.01; Standards; AP-ClinicalPulse\SQL Server; IP-ClinicalPulse\Sprint 3 - SQL Server Ingestion
Task,,,,Commit and link implementation evidence for Define SQL naming and scripting standards,New,"Commit related code/docs, reference the Azure Boards work item in the commit, and capture validation notes for Define SQL naming and scripting standards.",,ClinicalPulse; Sprint-3; Phase-3; E03; F03.01; Standards; Evidence; AP-ClinicalPulse\SQL Server; IP-ClinicalPulse\Sprint 3 - SQL Server Ingestion
User Story,,,Set up local SQL Server connection configuration,,New,"As a developer, I want set up local sql server connection configuration so that Python and SSMS can connect using safe local configuration.",Deliverable exists at src/config.md; content aligns with the ClinicalPulse specification; reviewer can trace the work item to a committed artifact; assumptions and limitations are documented where relevant.,ClinicalPulse; Sprint-3; Phase-3; E03; F03.01; Connection; AP-ClinicalPulse\SQL Server; IP-ClinicalPulse\Sprint 3 - SQL Server Ingestion
Task,,,,Draft/build artifact for Set up local SQL Server connection configuration,New,Create the first complete version of the artifact or implementation for Set up local SQL Server connection configuration.,,ClinicalPulse; Sprint-3; Phase-3; E03; F03.01; Connection; AP-ClinicalPulse\SQL Server; IP-ClinicalPulse\Sprint 3 - SQL Server Ingestion
Task,,,,Validate and document Set up local SQL Server connection configuration,New,"Check the work against acceptance criteria, document assumptions, and record evidence for Set up local SQL Server connection configuration.",,ClinicalPulse; Sprint-3; Phase-3; E03; F03.01; Connection; AP-ClinicalPulse\SQL Server; IP-ClinicalPulse\Sprint 3 - SQL Server Ingestion
Task,,,,Commit and link implementation evidence for Set up local SQL Server connection configuration,New,"Commit related code/docs, reference the Azure Boards work item in the commit, and capture validation notes for Set up local SQL Server connection configuration.",,ClinicalPulse; Sprint-3; Phase-3; E03; F03.01; Connection; Evidence; AP-ClinicalPulse\SQL Server; IP-ClinicalPulse\Sprint 3 - SQL Server Ingestion
Feature,,Bronze Table Build,,,New,Build source-preserving bronze tables with ingestion metadata.,,ClinicalPulse; Sprint-3; Phase-3; E03; F03.02; Bronze; AP-ClinicalPulse\SQL Server; IP-ClinicalPulse\Sprint 3 - SQL Server Ingestion
User Story,,,Create bronze patient and organization/provider tables,,New,"As a data engineer, I want create bronze patient and organization/provider tables so that core demographic and organizational entities load into bronze.",Deliverable exists at sql/02_create_bronze_tables.sql; content aligns with the ClinicalPulse specification; reviewer can trace the work item to a committed artifact; assumptions and limitations are documented where relevant.,ClinicalPulse; Sprint-3; Phase-3; E03; F03.02; Bronze; AP-ClinicalPulse\SQL Server; IP-ClinicalPulse\Sprint 3 - SQL Server Ingestion
Task,,,,Draft/build artifact for Create bronze patient and organization/provider tables,New,Create the first complete version of the artifact or implementation for Create bronze patient and organization/provider tables.,,ClinicalPulse; Sprint-3; Phase-3; E03; F03.02; Bronze; AP-ClinicalPulse\SQL Server; IP-ClinicalPulse\Sprint 3 - SQL Server Ingestion
Task,,,,Validate and document Create bronze patient and organization/provider tables,New,"Check the work against acceptance criteria, document assumptions, and record evidence for Create bronze patient and organization/provider tables.",,ClinicalPulse; Sprint-3; Phase-3; E03; F03.02; Bronze; AP-ClinicalPulse\SQL Server; IP-ClinicalPulse\Sprint 3 - SQL Server Ingestion
Task,,,,Commit and link implementation evidence for Create bronze patient and organization/provider tables,New,"Commit related code/docs, reference the Azure Boards work item in the commit, and capture validation notes for Create bronze patient and organization/provider tables.",,ClinicalPulse; Sprint-3; Phase-3; E03; F03.02; Bronze; Evidence; AP-ClinicalPulse\SQL Server; IP-ClinicalPulse\Sprint 3 - SQL Server Ingestion
User Story,,,Create bronze encounter and condition tables,,New,"As a data engineer, I want create bronze encounter and condition tables so that encounter and diagnosis/case-mix entities load into bronze.",Deliverable exists at sql/02_create_bronze_tables.sql; content aligns with the ClinicalPulse specification; reviewer can trace the work item to a committed artifact; assumptions and limitations are documented where relevant.,ClinicalPulse; Sprint-3; Phase-3; E03; F03.02; Bronze; AP-ClinicalPulse\SQL Server; IP-ClinicalPulse\Sprint 3 - SQL Server Ingestion
Task,,,,Draft/build artifact for Create bronze encounter and condition tables,New,Create the first complete version of the artifact or implementation for Create bronze encounter and condition tables.,,ClinicalPulse; Sprint-3; Phase-3; E03; F03.02; Bronze; AP-ClinicalPulse\SQL Server; IP-ClinicalPulse\Sprint 3 - SQL Server Ingestion
Task,,,,Validate and document Create bronze encounter and condition tables,New,"Check the work against acceptance criteria, document assumptions, and record evidence for Create bronze encounter and condition tables.",,ClinicalPulse; Sprint-3; Phase-3; E03; F03.02; Bronze; AP-ClinicalPulse\SQL Server; IP-ClinicalPulse\Sprint 3 - SQL Server Ingestion
Task,,,,Commit and link implementation evidence for Create bronze encounter and condition tables,New,"Commit related code/docs, reference the Azure Boards work item in the commit, and capture validation notes for Create bronze encounter and condition tables.",,ClinicalPulse; Sprint-3; Phase-3; E03; F03.02; Bronze; Evidence; AP-ClinicalPulse\SQL Server; IP-ClinicalPulse\Sprint 3 - SQL Server Ingestion
User Story,,,Create bronze observation and procedure tables,,New,"As a data engineer, I want create bronze observation and procedure tables so that lab-like observations and procedure context load into bronze.",Deliverable exists at sql/02_create_bronze_tables.sql; content aligns with the ClinicalPulse specification; reviewer can trace the work item to a committed artifact; assumptions and limitations are documented where relevant.,ClinicalPulse; Sprint-3; Phase-3; E03; F03.02; Bronze; AP-ClinicalPulse\SQL Server; IP-ClinicalPulse\Sprint 3 - SQL Server Ingestion
Task,,,,Draft/build artifact for Create bronze observation and procedure tables,New,Create the first complete version of the artifact or implementation for Create bronze observation and procedure tables.,,ClinicalPulse; Sprint-3; Phase-3; E03; F03.02; Bronze; AP-ClinicalPulse\SQL Server; IP-ClinicalPulse\Sprint 3 - SQL Server Ingestion
Task,,,,Validate and document Create bronze observation and procedure tables,New,"Check the work against acceptance criteria, document assumptions, and record evidence for Create bronze observation and procedure tables.",,ClinicalPulse; Sprint-3; Phase-3; E03; F03.02; Bronze; AP-ClinicalPulse\SQL Server; IP-ClinicalPulse\Sprint 3 - SQL Server Ingestion
Task,,,,Commit and link implementation evidence for Create bronze observation and procedure tables,New,"Commit related code/docs, reference the Azure Boards work item in the commit, and capture validation notes for Create bronze observation and procedure tables.",,ClinicalPulse; Sprint-3; Phase-3; E03; F03.02; Bronze; Evidence; AP-ClinicalPulse\SQL Server; IP-ClinicalPulse\Sprint 3 - SQL Server Ingestion
User Story,,,Add ingestion metadata columns to bronze tables,,New,"As a data engineer, I want add ingestion metadata columns to bronze tables so that source file, batch, load status, row hash, and timestamps are captured.",Deliverable exists at sql/02_create_bronze_tables.sql; content aligns with the ClinicalPulse specification; reviewer can trace the work item to a committed artifact; assumptions and limitations are documented where relevant.,ClinicalPulse; Sprint-3; Phase-3; E03; F03.02; Audit; Lineage; AP-ClinicalPulse\SQL Server; IP-ClinicalPulse\Sprint 3 - SQL Server Ingestion
Task,,,,Draft/build artifact for Add ingestion metadata columns to bronze tables,New,Create the first complete version of the artifact or implementation for Add ingestion metadata columns to bronze tables.,,ClinicalPulse; Sprint-3; Phase-3; E03; F03.02; Audit; Lineage; AP-ClinicalPulse\SQL Server; IP-ClinicalPulse\Sprint 3 - SQL Server Ingestion
Task,,,,Validate and document Add ingestion metadata columns to bronze tables,New,"Check the work against acceptance criteria, document assumptions, and record evidence for Add ingestion metadata columns to bronze tables.",,ClinicalPulse; Sprint-3; Phase-3; E03; F03.02; Audit; Lineage; AP-ClinicalPulse\SQL Server; IP-ClinicalPulse\Sprint 3 - SQL Server Ingestion
Task,,,,Commit and link implementation evidence for Add ingestion metadata columns to bronze tables,New,"Commit related code/docs, reference the Azure Boards work item in the commit, and capture validation notes for Add ingestion metadata columns to bronze tables.",,ClinicalPulse; Sprint-3; Phase-3; E03; F03.02; Audit; Lineage; Evidence; AP-ClinicalPulse\SQL Server; IP-ClinicalPulse\Sprint 3 - SQL Server Ingestion
Feature,,Python CSV Ingestion,,,New,Load selected Synthea CSV files into SQL Server bronze tables through Python.,,ClinicalPulse; Sprint-3; Phase-3; E03; F03.03; Python; AP-ClinicalPulse\SQL Server; IP-ClinicalPulse\Sprint 3 - SQL Server Ingestion
User Story,,,Build database configuration utilities,,New,"As a developer, I want build database configuration utilities so that database connection settings are centralized and do not expose secrets.",Deliverable exists at src/db_config.py; content aligns with the ClinicalPulse specification; reviewer can trace the work item to a committed artifact; assumptions and limitations are documented where relevant.,ClinicalPulse; Sprint-3; Phase-3; E03; F03.03; Python; Config; AP-ClinicalPulse\SQL Server; IP-ClinicalPulse\Sprint 3 - SQL Server Ingestion
Task,,,,Draft/build artifact for Build database configuration utilities,New,Create the first complete version of the artifact or implementation for Build database configuration utilities.,,ClinicalPulse; Sprint-3; Phase-3; E03; F03.03; Python; Config; AP-ClinicalPulse\SQL Server; IP-ClinicalPulse\Sprint 3 - SQL Server Ingestion
Task,,,,Validate and document Build database configuration utilities,New,"Check the work against acceptance criteria, document assumptions, and record evidence for Build database configuration utilities.",,ClinicalPulse; Sprint-3; Phase-3; E03; F03.03; Python; Config; AP-ClinicalPulse\SQL Server; IP-ClinicalPulse\Sprint 3 - SQL Server Ingestion
User Story,,,Build Synthea CSV ingestion script,,New,"As a data engineer, I want build synthea csv ingestion script so that selected CSV files can be loaded into bronze tables repeatedly.",Deliverable exists at src/ingest_synthea_csv_to_sqlserver.py; content aligns with the ClinicalPulse specification; reviewer can trace the work item to a committed artifact; assumptions and limitations are documented where relevant.,ClinicalPulse; Sprint-3; Phase-3; E03; F03.03; Python; Ingestion; AP-ClinicalPulse\SQL Server; IP-ClinicalPulse\Sprint 3 - SQL Server Ingestion
Task,,,,Draft/build artifact for Build Synthea CSV ingestion script,New,Create the first complete version of the artifact or implementation for Build Synthea CSV ingestion script.,,ClinicalPulse; Sprint-3; Phase-3; E03; F03.03; Python; Ingestion; AP-ClinicalPulse\SQL Server; IP-ClinicalPulse\Sprint 3 - SQL Server Ingestion
Task,,,,Validate and document Build Synthea CSV ingestion script,New,"Check the work against acceptance criteria, document assumptions, and record evidence for Build Synthea CSV ingestion script.",,ClinicalPulse; Sprint-3; Phase-3; E03; F03.03; Python; Ingestion; AP-ClinicalPulse\SQL Server; IP-ClinicalPulse\Sprint 3 - SQL Server Ingestion
Task,,,,Commit and link implementation evidence for Build Synthea CSV ingestion script,New,"Commit related code/docs, reference the Azure Boards work item in the commit, and capture validation notes for Build Synthea CSV ingestion script.",,ClinicalPulse; Sprint-3; Phase-3; E03; F03.03; Python; Ingestion; Evidence; AP-ClinicalPulse\SQL Server; IP-ClinicalPulse\Sprint 3 - SQL Server Ingestion
User Story,,,Write ingestion logs to audit tables,,New,"As a data engineer, I want write ingestion logs to audit tables so that each load records file name, row count, batch ID, and status.",Deliverable exists at sql/audit_tables.sql; src/ingest_synthea_csv_to_sqlserver.py; content aligns with the ClinicalPulse specification; reviewer can trace the work item to a committed artifact; assumptions and limitations are documented where relevant.,ClinicalPulse; Sprint-3; Phase-3; E03; F03.03; Audit; AP-ClinicalPulse\SQL Server; IP-ClinicalPulse\Sprint 3 - SQL Server Ingestion
Task,,,,Draft/build artifact for Write ingestion logs to audit tables,New,Create the first complete version of the artifact or implementation for Write ingestion logs to audit tables.,,ClinicalPulse; Sprint-3; Phase-3; E03; F03.03; Audit; AP-ClinicalPulse\SQL Server; IP-ClinicalPulse\Sprint 3 - SQL Server Ingestion
Task,,,,Validate and document Write ingestion logs to audit tables,New,"Check the work against acceptance criteria, document assumptions, and record evidence for Write ingestion logs to audit tables.",,ClinicalPulse; Sprint-3; Phase-3; E03; F03.03; Audit; AP-ClinicalPulse\SQL Server; IP-ClinicalPulse\Sprint 3 - SQL Server Ingestion
Task,,,,Commit and link implementation evidence for Write ingestion logs to audit tables,New,"Commit related code/docs, reference the Azure Boards work item in the commit, and capture validation notes for Write ingestion logs to audit tables.",,ClinicalPulse; Sprint-3; Phase-3; E03; F03.03; Audit; Evidence; AP-ClinicalPulse\SQL Server; IP-ClinicalPulse\Sprint 3 - SQL Server Ingestion
User Story,,,Run initial load and verify row counts,,New,"As a BI developer, I want run initial load and verify row counts so that source counts and bronze counts are reconciled after the first load.",Deliverable exists at src/row_count_reconciliation.py; content aligns with the ClinicalPulse specification; reviewer can trace the work item to a committed artifact; assumptions and limitations are documented where relevant.,ClinicalPulse; Sprint-3; Phase-3; E03; F03.03; Reconciliation; AP-ClinicalPulse\SQL Server; IP-ClinicalPulse\Sprint 3 - SQL Server Ingestion
Task,,,,Draft/build artifact for Run initial load and verify row counts,New,Create the first complete version of the artifact or implementation for Run initial load and verify row counts.,,ClinicalPulse; Sprint-3; Phase-3; E03; F03.03; Reconciliation; AP-ClinicalPulse\SQL Server; IP-ClinicalPulse\Sprint 3 - SQL Server Ingestion
Task,,,,Validate and document Run initial load and verify row counts,New,"Check the work against acceptance criteria, document assumptions, and record evidence for Run initial load and verify row counts.",,ClinicalPulse; Sprint-3; Phase-3; E03; F03.03; Reconciliation; AP-ClinicalPulse\SQL Server; IP-ClinicalPulse\Sprint 3 - SQL Server Ingestion
Task,,,,Commit and link implementation evidence for Run initial load and verify row counts,New,"Commit related code/docs, reference the Azure Boards work item in the commit, and capture validation notes for Run initial load and verify row counts.",,ClinicalPulse; Sprint-3; Phase-3; E03; F03.03; Reconciliation; Evidence; AP-ClinicalPulse\SQL Server; IP-ClinicalPulse\Sprint 3 - SQL Server Ingestion
Epic,Medallion Data Pipeline,,,,New,"Transform bronze source-preserving tables into silver business entities and gold reporting-ready facts, dimensions, and marts.",,ClinicalPulse; Sprint-4-5; Phase-4-5; E04; Medallion; Data-Modeling; AP-ClinicalPulse\SQL Server; IP-ClinicalPulse\Sprint 5 - Gold Layer and Marts
Feature,,Silver Business Entities,,,New,Standardize bronze data into validated silver entities.,,ClinicalPulse; Sprint-4-5; Phase-4-5; E04; F04.01; Silver; AP-ClinicalPulse\SQL Server; IP-ClinicalPulse\Sprint 4 - Silver Layer and Validation
User Story,,,Build silver.patient,,New,"As a BI developer, I want build silver.patient so that patient demographics, age bands, and lineage fields are standardized.",Deliverable exists at sql/03_create_silver_tables.sql; sql/05_transform_bronze_to_silver.sql; content aligns with the ClinicalPulse specification; reviewer can trace the work item to a committed artifact; assumptions and limitations are documented where relevant.,ClinicalPulse; Sprint-4-5; Phase-4-5; E04; F04.01; Silver; AP-ClinicalPulse\SQL Server; IP-ClinicalPulse\Sprint 4 - Silver Layer and Validation
Task,,,,Draft/build artifact for Build silver.patient,New,Create the first complete version of the artifact or implementation for Build silver.patient.,,ClinicalPulse; Sprint-4-5; Phase-4-5; E04; F04.01; Silver; AP-ClinicalPulse\SQL Server; IP-ClinicalPulse\Sprint 4 - Silver Layer and Validation
Task,,,,Validate and document Build silver.patient,New,"Check the work against acceptance criteria, document assumptions, and record evidence for Build silver.patient.",,ClinicalPulse; Sprint-4-5; Phase-4-5; E04; F04.01; Silver; AP-ClinicalPulse\SQL Server; IP-ClinicalPulse\Sprint 4 - Silver Layer and Validation
Task,,,,Commit and link implementation evidence for Build silver.patient,New,"Commit related code/docs, reference the Azure Boards work item in the commit, and capture validation notes for Build silver.patient.",,ClinicalPulse; Sprint-4-5; Phase-4-5; E04; F04.01; Silver; Evidence; AP-ClinicalPulse\SQL Server; IP-ClinicalPulse\Sprint 4 - Silver Layer and Validation
User Story,,,Build silver.encounter with LOS fields,,New,"As a BI developer, I want build silver.encounter with los fields so that encounter class, start/stop, duration, and invalid-date flags are available.",Deliverable exists at sql/03_create_silver_tables.sql; sql/05_transform_bronze_to_silver.sql; content aligns with the ClinicalPulse specification; reviewer can trace the work item to a committed artifact; assumptions and limitations are documented where relevant.,ClinicalPulse; Sprint-4-5; Phase-4-5; E04; F04.01; Silver; LOS; AP-ClinicalPulse\SQL Server; IP-ClinicalPulse\Sprint 4 - Silver Layer and Validation
Task,,,,Draft/build artifact for Build silver.encounter with LOS fields,New,Create the first complete version of the artifact or implementation for Build silver.encounter with LOS fields.,,ClinicalPulse; Sprint-4-5; Phase-4-5; E04; F04.01; Silver; LOS; AP-ClinicalPulse\SQL Server; IP-ClinicalPulse\Sprint 4 - Silver Layer and Validation
Task,,,,Validate and document Build silver.encounter with LOS fields,New,"Check the work against acceptance criteria, document assumptions, and record evidence for Build silver.encounter with LOS fields.",,ClinicalPulse; Sprint-4-5; Phase-4-5; E04; F04.01; Silver; LOS; AP-ClinicalPulse\SQL Server; IP-ClinicalPulse\Sprint 4 - Silver Layer and Validation
Task,,,,Commit and link implementation evidence for Build silver.encounter with LOS fields,New,"Commit related code/docs, reference the Azure Boards work item in the commit, and capture validation notes for Build silver.encounter with LOS fields.",,ClinicalPulse; Sprint-4-5; Phase-4-5; E04; F04.01; Silver; LOS; Evidence; AP-ClinicalPulse\SQL Server; IP-ClinicalPulse\Sprint 4 - Silver Layer and Validation
User Story,,,"Build silver condition, procedure, and observation entities",,New,"As a BI developer, I want build silver condition, procedure, and observation entities so that clinical context entities are standardized for reporting and quality checks.",Deliverable exists at sql/03_create_silver_tables.sql; sql/05_transform_bronze_to_silver.sql; content aligns with the ClinicalPulse specification; reviewer can trace the work item to a committed artifact; assumptions and limitations are documented where relevant.,ClinicalPulse; Sprint-4-5; Phase-4-5; E04; F04.01; Silver; AP-ClinicalPulse\SQL Server; IP-ClinicalPulse\Sprint 4 - Silver Layer and Validation
Task,,,,"Draft/build artifact for Build silver condition, procedure, and observation entities",New,"Create the first complete version of the artifact or implementation for Build silver condition, procedure, and observation entities.",,ClinicalPulse; Sprint-4-5; Phase-4-5; E04; F04.01; Silver; AP-ClinicalPulse\SQL Server; IP-ClinicalPulse\Sprint 4 - Silver Layer and Validation
Task,,,,"Validate and document Build silver condition, procedure, and observation entities",New,"Check the work against acceptance criteria, document assumptions, and record evidence for Build silver condition, procedure, and observation entities.",,ClinicalPulse; Sprint-4-5; Phase-4-5; E04; F04.01; Silver; AP-ClinicalPulse\SQL Server; IP-ClinicalPulse\Sprint 4 - Silver Layer and Validation
Task,,,,"Commit and link implementation evidence for Build silver condition, procedure, and observation entities",New,"Commit related code/docs, reference the Azure Boards work item in the commit, and capture validation notes for Build silver condition, procedure, and observation entities.",,ClinicalPulse; Sprint-4-5; Phase-4-5; E04; F04.01; Silver; Evidence; AP-ClinicalPulse\SQL Server; IP-ClinicalPulse\Sprint 4 - Silver Layer and Validation
User Story,,,Preserve lineage from bronze to silver,,New,"As a data steward, I want preserve lineage from bronze to silver so that silver records can be traced back to bronze source records.",Deliverable exists at sql/05_transform_bronze_to_silver.sql; content aligns with the ClinicalPulse specification; reviewer can trace the work item to a committed artifact; assumptions and limitations are documented where relevant.,ClinicalPulse; Sprint-4-5; Phase-4-5; E04; F04.01; Lineage; AP-ClinicalPulse\SQL Server; IP-ClinicalPulse\Sprint 4 - Silver Layer and Validation
Task,,,,Draft/build artifact for Preserve lineage from bronze to silver,New,Create the first complete version of the artifact or implementation for Preserve lineage from bronze to silver.,,ClinicalPulse; Sprint-4-5; Phase-4-5; E04; F04.01; Lineage; AP-ClinicalPulse\SQL Server; IP-ClinicalPulse\Sprint 4 - Silver Layer and Validation
Task,,,,Validate and document Preserve lineage from bronze to silver,New,"Check the work against acceptance criteria, document assumptions, and record evidence for Preserve lineage from bronze to silver.",,ClinicalPulse; Sprint-4-5; Phase-4-5; E04; F04.01; Lineage; AP-ClinicalPulse\SQL Server; IP-ClinicalPulse\Sprint 4 - Silver Layer and Validation
Task,,,,Commit and link implementation evidence for Preserve lineage from bronze to silver,New,"Commit related code/docs, reference the Azure Boards work item in the commit, and capture validation notes for Preserve lineage from bronze to silver.",,ClinicalPulse; Sprint-4-5; Phase-4-5; E04; F04.01; Lineage; Evidence; AP-ClinicalPulse\SQL Server; IP-ClinicalPulse\Sprint 4 - Silver Layer and Validation
Feature,,Gold Dimensional Model,,,New,Create fact and dimension tables that support Power BI and KPI logic.,,ClinicalPulse; Sprint-4-5; Phase-4-5; E04; F04.02; Gold; AP-ClinicalPulse\SQL Server; IP-ClinicalPulse\Sprint 5 - Gold Layer and Marts
User Story,,,Create gold dimensions,,New,"As a BI developer, I want create gold dimensions so that patient, date, organization, provider, encounter class, condition, observation, and procedure dimensions exist.",Deliverable exists at sql/04_create_gold_tables.sql; sql/06_transform_silver_to_gold.sql; content aligns with the ClinicalPulse specification; reviewer can trace the work item to a committed artifact; assumptions and limitations are documented where relevant.,ClinicalPulse; Sprint-4-5; Phase-4-5; E04; F04.02; Gold; Star-Schema; AP-ClinicalPulse\SQL Server; IP-ClinicalPulse\Sprint 5 - Gold Layer and Marts
Task,,,,Draft/build artifact for Create gold dimensions,New,Create the first complete version of the artifact or implementation for Create gold dimensions.,,ClinicalPulse; Sprint-4-5; Phase-4-5; E04; F04.02; Gold; Star-Schema; AP-ClinicalPulse\SQL Server; IP-ClinicalPulse\Sprint 5 - Gold Layer and Marts
Task,,,,Validate and document Create gold dimensions,New,"Check the work against acceptance criteria, document assumptions, and record evidence for Create gold dimensions.",,ClinicalPulse; Sprint-4-5; Phase-4-5; E04; F04.02; Gold; Star-Schema; AP-ClinicalPulse\SQL Server; IP-ClinicalPulse\Sprint 5 - Gold Layer and Marts
Task,,,,Commit and link implementation evidence for Create gold dimensions,New,"Commit related code/docs, reference the Azure Boards work item in the commit, and capture validation notes for Create gold dimensions.",,ClinicalPulse; Sprint-4-5; Phase-4-5; E04; F04.02; Gold; Star-Schema; Evidence; AP-ClinicalPulse\SQL Server; IP-ClinicalPulse\Sprint 5 - Gold Layer and Marts
User Story,,,Create gold encounter and readmission facts,,New,"As a BI developer, I want create gold encounter and readmission facts so that encounter volume, LOS, and 30-day readmission logic can be calculated.",Deliverable exists at sql/04_create_gold_tables.sql; sql/06_transform_silver_to_gold.sql; content aligns with the ClinicalPulse specification; reviewer can trace the work item to a committed artifact; assumptions and limitations are documented where relevant.,ClinicalPulse; Sprint-4-5; Phase-4-5; E04; F04.02; Gold; Readmissions; AP-ClinicalPulse\SQL Server; IP-ClinicalPulse\Sprint 5 - Gold Layer and Marts
Task,,,,Draft/build artifact for Create gold encounter and readmission facts,New,Create the first complete version of the artifact or implementation for Create gold encounter and readmission facts.,,ClinicalPulse; Sprint-4-5; Phase-4-5; E04; F04.02; Gold; Readmissions; AP-ClinicalPulse\SQL Server; IP-ClinicalPulse\Sprint 5 - Gold Layer and Marts
Task,,,,Validate and document Create gold encounter and readmission facts,New,"Check the work against acceptance criteria, document assumptions, and record evidence for Create gold encounter and readmission facts.",,ClinicalPulse; Sprint-4-5; Phase-4-5; E04; F04.02; Gold; Readmissions; AP-ClinicalPulse\SQL Server; IP-ClinicalPulse\Sprint 5 - Gold Layer and Marts
Task,,,,Commit and link implementation evidence for Create gold encounter and readmission facts,New,"Commit related code/docs, reference the Azure Boards work item in the commit, and capture validation notes for Create gold encounter and readmission facts.",,ClinicalPulse; Sprint-4-5; Phase-4-5; E04; F04.02; Gold; Readmissions; Evidence; AP-ClinicalPulse\SQL Server; IP-ClinicalPulse\Sprint 5 - Gold Layer and Marts
User Story,,,"Create gold condition, observation, and procedure facts",,New,"As a BI developer, I want create gold condition, observation, and procedure facts so that case-mix, lab activity, and service utilization can be analyzed.",Deliverable exists at sql/04_create_gold_tables.sql; sql/06_transform_silver_to_gold.sql; content aligns with the ClinicalPulse specification; reviewer can trace the work item to a committed artifact; assumptions and limitations are documented where relevant.,ClinicalPulse; Sprint-4-5; Phase-4-5; E04; F04.02; Gold; AP-ClinicalPulse\SQL Server; IP-ClinicalPulse\Sprint 5 - Gold Layer and Marts
Task,,,,"Draft/build artifact for Create gold condition, observation, and procedure facts",New,"Create the first complete version of the artifact or implementation for Create gold condition, observation, and procedure facts.",,ClinicalPulse; Sprint-4-5; Phase-4-5; E04; F04.02; Gold; AP-ClinicalPulse\SQL Server; IP-ClinicalPulse\Sprint 5 - Gold Layer and Marts
Task,,,,"Validate and document Create gold condition, observation, and procedure facts",New,"Check the work against acceptance criteria, document assumptions, and record evidence for Create gold condition, observation, and procedure facts.",,ClinicalPulse; Sprint-4-5; Phase-4-5; E04; F04.02; Gold; AP-ClinicalPulse\SQL Server; IP-ClinicalPulse\Sprint 5 - Gold Layer and Marts
Task,,,,"Commit and link implementation evidence for Create gold condition, observation, and procedure facts",New,"Commit related code/docs, reference the Azure Boards work item in the commit, and capture validation notes for Create gold condition, observation, and procedure facts.",,ClinicalPulse; Sprint-4-5; Phase-4-5; E04; F04.02; Gold; Evidence; AP-ClinicalPulse\SQL Server; IP-ClinicalPulse\Sprint 5 - Gold Layer and Marts
User Story,,,Create gold data quality issue fact,,New,"As a data steward, I want create gold data quality issue fact so that quality issues can be counted and surfaced in reporting.",Deliverable exists at sql/04_create_gold_tables.sql; sql/06_transform_silver_to_gold.sql; content aligns with the ClinicalPulse specification; reviewer can trace the work item to a committed artifact; assumptions and limitations are documented where relevant.,ClinicalPulse; Sprint-4-5; Phase-4-5; E04; F04.02; Gold; Data-Quality; AP-ClinicalPulse\SQL Server; IP-ClinicalPulse\Sprint 5 - Gold Layer and Marts
Task,,,,Draft/build artifact for Create gold data quality issue fact,New,Create the first complete version of the artifact or implementation for Create gold data quality issue fact.,,ClinicalPulse; Sprint-4-5; Phase-4-5; E04; F04.02; Gold; Data-Quality; AP-ClinicalPulse\SQL Server; IP-ClinicalPulse\Sprint 5 - Gold Layer and Marts
Task,,,,Validate and document Create gold data quality issue fact,New,"Check the work against acceptance criteria, document assumptions, and record evidence for Create gold data quality issue fact.",,ClinicalPulse; Sprint-4-5; Phase-4-5; E04; F04.02; Gold; Data-Quality; AP-ClinicalPulse\SQL Server; IP-ClinicalPulse\Sprint 5 - Gold Layer and Marts
Task,,,,Commit and link implementation evidence for Create gold data quality issue fact,New,"Commit related code/docs, reference the Azure Boards work item in the commit, and capture validation notes for Create gold data quality issue fact.",,ClinicalPulse; Sprint-4-5; Phase-4-5; E04; F04.02; Gold; Data-Quality; Evidence; AP-ClinicalPulse\SQL Server; IP-ClinicalPulse\Sprint 5 - Gold Layer and Marts
Feature,,Reporting Marts,,,New,Create KPI-ready marts for stakeholder dashboards.,,ClinicalPulse; Sprint-4-5; Phase-4-5; E04; F04.03; Reporting; AP-ClinicalPulse\SQL Server; IP-ClinicalPulse\Sprint 5 - Gold Layer and Marts
User Story,,,Create patient flow mart,,New,"As a operational leader, I want create patient flow mart so that encounter trends and patient flow indicators are reporting-ready.",Deliverable exists at sql/06_transform_silver_to_gold.sql; content aligns with the ClinicalPulse specification; reviewer can trace the work item to a committed artifact; assumptions and limitations are documented where relevant.,ClinicalPulse; Sprint-4-5; Phase-4-5; E04; F04.03; Mart; Patient-Flow; AP-ClinicalPulse\SQL Server; IP-ClinicalPulse\Sprint 5 - Gold Layer and Marts
Task,,,,Draft/build artifact for Create patient flow mart,New,Create the first complete version of the artifact or implementation for Create patient flow mart.,,ClinicalPulse; Sprint-4-5; Phase-4-5; E04; F04.03; Mart; Patient-Flow; AP-ClinicalPulse\SQL Server; IP-ClinicalPulse\Sprint 5 - Gold Layer and Marts
Task,,,,Validate and document Create patient flow mart,New,"Check the work against acceptance criteria, document assumptions, and record evidence for Create patient flow mart.",,ClinicalPulse; Sprint-4-5; Phase-4-5; E04; F04.03; Mart; Patient-Flow; AP-ClinicalPulse\SQL Server; IP-ClinicalPulse\Sprint 5 - Gold Layer and Marts
Task,,,,Commit and link implementation evidence for Create patient flow mart,New,"Commit related code/docs, reference the Azure Boards work item in the commit, and capture validation notes for Create patient flow mart.",,ClinicalPulse; Sprint-4-5; Phase-4-5; E04; F04.03; Mart; Patient-Flow; Evidence; AP-ClinicalPulse\SQL Server; IP-ClinicalPulse\Sprint 5 - Gold Layer and Marts
User Story,,,Create length-of-stay and readmission marts,,New,"As a operational leader, I want create length-of-stay and readmission marts so that LOS and 30-day readmission metrics are aggregated consistently.",Deliverable exists at sql/06_transform_silver_to_gold.sql; content aligns with the ClinicalPulse specification; reviewer can trace the work item to a committed artifact; assumptions and limitations are documented where relevant.,ClinicalPulse; Sprint-4-5; Phase-4-5; E04; F04.03; Mart; LOS; Readmissions; AP-ClinicalPulse\SQL Server; IP-ClinicalPulse\Sprint 5 - Gold Layer and Marts
Task,,,,Draft/build artifact for Create length-of-stay and readmission marts,New,Create the first complete version of the artifact or implementation for Create length-of-stay and readmission marts.,,ClinicalPulse; Sprint-4-5; Phase-4-5; E04; F04.03; Mart; LOS; Readmissions; AP-ClinicalPulse\SQL Server; IP-ClinicalPulse\Sprint 5 - Gold Layer and Marts
Task,,,,Validate and document Create length-of-stay and readmission marts,New,"Check the work against acceptance criteria, document assumptions, and record evidence for Create length-of-stay and readmission marts.",,ClinicalPulse; Sprint-4-5; Phase-4-5; E04; F04.03; Mart; LOS; Readmissions; AP-ClinicalPulse\SQL Server; IP-ClinicalPulse\Sprint 5 - Gold Layer and Marts
Task,,,,Commit and link implementation evidence for Create length-of-stay and readmission marts,New,"Commit related code/docs, reference the Azure Boards work item in the commit, and capture validation notes for Create length-of-stay and readmission marts.",,ClinicalPulse; Sprint-4-5; Phase-4-5; E04; F04.03; Mart; LOS; Readmissions; Evidence; AP-ClinicalPulse\SQL Server; IP-ClinicalPulse\Sprint 5 - Gold Layer and Marts
User Story,,,Create lab operations and service utilization marts,,New,"As a operational leader, I want create lab operations and service utilization marts so that observation and procedure volumes are ready for dashboarding.",Deliverable exists at sql/06_transform_silver_to_gold.sql; content aligns with the ClinicalPulse specification; reviewer can trace the work item to a committed artifact; assumptions and limitations are documented where relevant.,ClinicalPulse; Sprint-4-5; Phase-4-5; E04; F04.03; Mart; Lab-Operations; AP-ClinicalPulse\SQL Server; IP-ClinicalPulse\Sprint 5 - Gold Layer and Marts
Task,,,,Draft/build artifact for Create lab operations and service utilization marts,New,Create the first complete version of the artifact or implementation for Create lab operations and service utilization marts.,,ClinicalPulse; Sprint-4-5; Phase-4-5; E04; F04.03; Mart; Lab-Operations; AP-ClinicalPulse\SQL Server; IP-ClinicalPulse\Sprint 5 - Gold Layer and Marts
Task,,,,Validate and document Create lab operations and service utilization marts,New,"Check the work against acceptance criteria, document assumptions, and record evidence for Create lab operations and service utilization marts.",,ClinicalPulse; Sprint-4-5; Phase-4-5; E04; F04.03; Mart; Lab-Operations; AP-ClinicalPulse\SQL Server; IP-ClinicalPulse\Sprint 5 - Gold Layer and Marts
Task,,,,Commit and link implementation evidence for Create lab operations and service utilization marts,New,"Commit related code/docs, reference the Azure Boards work item in the commit, and capture validation notes for Create lab operations and service utilization marts.",,ClinicalPulse; Sprint-4-5; Phase-4-5; E04; F04.03; Mart; Lab-Operations; Evidence; AP-ClinicalPulse\SQL Server; IP-ClinicalPulse\Sprint 5 - Gold Layer and Marts
User Story,,,Create reporting trust mart,,New,"As a data steward, I want create reporting trust mart so that data quality pass/fail status and governance readiness can be reported.",Deliverable exists at sql/06_transform_silver_to_gold.sql; content aligns with the ClinicalPulse specification; reviewer can trace the work item to a committed artifact; assumptions and limitations are documented where relevant.,ClinicalPulse; Sprint-4-5; Phase-4-5; E04; F04.03; Mart; Reporting-Trust; AP-ClinicalPulse\SQL Server; IP-ClinicalPulse\Sprint 5 - Gold Layer and Marts
Task,,,,Draft/build artifact for Create reporting trust mart,New,Create the first complete version of the artifact or implementation for Create reporting trust mart.,,ClinicalPulse; Sprint-4-5; Phase-4-5; E04; F04.03; Mart; Reporting-Trust; AP-ClinicalPulse\SQL Server; IP-ClinicalPulse\Sprint 5 - Gold Layer and Marts
Task,,,,Validate and document Create reporting trust mart,New,"Check the work against acceptance criteria, document assumptions, and record evidence for Create reporting trust mart.",,ClinicalPulse; Sprint-4-5; Phase-4-5; E04; F04.03; Mart; Reporting-Trust; AP-ClinicalPulse\SQL Server; IP-ClinicalPulse\Sprint 5 - Gold Layer and Marts
Task,,,,Commit and link implementation evidence for Create reporting trust mart,New,"Commit related code/docs, reference the Azure Boards work item in the commit, and capture validation notes for Create reporting trust mart.",,ClinicalPulse; Sprint-4-5; Phase-4-5; E04; F04.03; Mart; Reporting-Trust; Evidence; AP-ClinicalPulse\SQL Server; IP-ClinicalPulse\Sprint 5 - Gold Layer and Marts
Epic,Data Quality & Governance,,,,New,"Implement quality rules, KPI dictionary entries, validation queries, lineage, scorecards, and ownership/security assumptions.",,ClinicalPulse; Sprint-4-6; Phase-4-6; E05; Data-Quality; Governance; AP-ClinicalPulse\Data Quality & Governance; IP-ClinicalPulse\Sprint 6 - Power BI Reporting
Feature,,Quality Rule Framework,,,New,Implement reportable data quality checks in SQL and Python.,,ClinicalPulse; Sprint-4-6; Phase-4-6; E05; F05.01; Quality; AP-ClinicalPulse\Data Quality & Governance; IP-ClinicalPulse\Sprint 4 - Silver Layer and Validation
User Story,,,Create governance quality rule metadata table,,New,"As a data steward, I want create governance quality rule metadata table so that quality rules have IDs, descriptions, severity, scope, and owners.",Deliverable exists at sql/07_data_quality_checks.sql; content aligns with the ClinicalPulse specification; reviewer can trace the work item to a committed artifact; assumptions and limitations are documented where relevant.,ClinicalPulse; Sprint-4-6; Phase-4-6; E05; F05.01; Quality-Rules; AP-ClinicalPulse\Data Quality & Governance; IP-ClinicalPulse\Sprint 4 - Silver Layer and Validation
Task,,,,Draft/build artifact for Create governance quality rule metadata table,New,Create the first complete version of the artifact or implementation for Create governance quality rule metadata table.,,ClinicalPulse; Sprint-4-6; Phase-4-6; E05; F05.01; Quality-Rules; AP-ClinicalPulse\Data Quality & Governance; IP-ClinicalPulse\Sprint 4 - Silver Layer and Validation
Task,,,,Validate and document Create governance quality rule metadata table,New,"Check the work against acceptance criteria, document assumptions, and record evidence for Create governance quality rule metadata table.",,ClinicalPulse; Sprint-4-6; Phase-4-6; E05; F05.01; Quality-Rules; AP-ClinicalPulse\Data Quality & Governance; IP-ClinicalPulse\Sprint 4 - Silver Layer and Validation
Task,,,,Commit and link implementation evidence for Create governance quality rule metadata table,New,"Commit related code/docs, reference the Azure Boards work item in the commit, and capture validation notes for Create governance quality rule metadata table.",,ClinicalPulse; Sprint-4-6; Phase-4-6; E05; F05.01; Quality-Rules; Evidence; AP-ClinicalPulse\Data Quality & Governance; IP-ClinicalPulse\Sprint 4 - Silver Layer and Validation
User Story,,,"Implement completeness, uniqueness, and referential integrity checks",,New,"As a data steward, I want implement completeness, uniqueness, and referential integrity checks so that missing keys, duplicates, and orphaned records are detected.",Deliverable exists at sql/07_data_quality_checks.sql; src/run_quality_checks.py; content aligns with the ClinicalPulse specification; reviewer can trace the work item to a committed artifact; assumptions and limitations are documented where relevant.,ClinicalPulse; Sprint-4-6; Phase-4-6; E05; F05.01; Completeness; RI; AP-ClinicalPulse\Data Quality & Governance; IP-ClinicalPulse\Sprint 4 - Silver Layer and Validation
Task,,,,"Draft/build artifact for Implement completeness, uniqueness, and referential integrity checks",New,"Create the first complete version of the artifact or implementation for Implement completeness, uniqueness, and referential integrity checks.",,ClinicalPulse; Sprint-4-6; Phase-4-6; E05; F05.01; Completeness; RI; AP-ClinicalPulse\Data Quality & Governance; IP-ClinicalPulse\Sprint 4 - Silver Layer and Validation
Task,,,,"Validate and document Implement completeness, uniqueness, and referential integrity checks",New,"Check the work against acceptance criteria, document assumptions, and record evidence for Implement completeness, uniqueness, and referential integrity checks.",,ClinicalPulse; Sprint-4-6; Phase-4-6; E05; F05.01; Completeness; RI; AP-ClinicalPulse\Data Quality & Governance; IP-ClinicalPulse\Sprint 4 - Silver Layer and Validation
User Story,,,"Implement validity, consistency, and freshness checks",,New,"As a data steward, I want implement validity, consistency, and freshness checks so that invalid dates, inconsistent categories, and stale loads are detected.",Deliverable exists at sql/07_data_quality_checks.sql; src/run_quality_checks.py; content aligns with the ClinicalPulse specification; reviewer can trace the work item to a committed artifact; assumptions and limitations are documented where relevant.,ClinicalPulse; Sprint-4-6; Phase-4-6; E05; F05.01; Validity; Freshness; AP-ClinicalPulse\Data Quality & Governance; IP-ClinicalPulse\Sprint 4 - Silver Layer and Validation
Task,,,,"Draft/build artifact for Implement validity, consistency, and freshness checks",New,"Create the first complete version of the artifact or implementation for Implement validity, consistency, and freshness checks.",,ClinicalPulse; Sprint-4-6; Phase-4-6; E05; F05.01; Validity; Freshness; AP-ClinicalPulse\Data Quality & Governance; IP-ClinicalPulse\Sprint 4 - Silver Layer and Validation
Task,,,,"Validate and document Implement validity, consistency, and freshness checks",New,"Check the work against acceptance criteria, document assumptions, and record evidence for Implement validity, consistency, and freshness checks.",,ClinicalPulse; Sprint-4-6; Phase-4-6; E05; F05.01; Validity; Freshness; AP-ClinicalPulse\Data Quality & Governance; IP-ClinicalPulse\Sprint 4 - Silver Layer and Validation
User Story,,,Persist quality check results,,New,"As a data steward, I want persist quality check results so that quality check runs are stored for reporting trust and auditability.",Deliverable exists at sql/07_data_quality_checks.sql; src/run_quality_checks.py; content aligns with the ClinicalPulse specification; reviewer can trace the work item to a committed artifact; assumptions and limitations are documented where relevant.,ClinicalPulse; Sprint-4-6; Phase-4-6; E05; F05.01; Audit; Reporting-Trust; AP-ClinicalPulse\Data Quality & Governance; IP-ClinicalPulse\Sprint 4 - Silver Layer and Validation
Task,,,,Draft/build artifact for Persist quality check results,New,Create the first complete version of the artifact or implementation for Persist quality check results.,,ClinicalPulse; Sprint-4-6; Phase-4-6; E05; F05.01; Audit; Reporting-Trust; AP-ClinicalPulse\Data Quality & Governance; IP-ClinicalPulse\Sprint 4 - Silver Layer and Validation
Task,,,,Validate and document Persist quality check results,New,"Check the work against acceptance criteria, document assumptions, and record evidence for Persist quality check results.",,ClinicalPulse; Sprint-4-6; Phase-4-6; E05; F05.01; Audit; Reporting-Trust; AP-ClinicalPulse\Data Quality & Governance; IP-ClinicalPulse\Sprint 4 - Silver Layer and Validation
Task,,,,Commit and link implementation evidence for Persist quality check results,New,"Commit related code/docs, reference the Azure Boards work item in the commit, and capture validation notes for Persist quality check results.",,ClinicalPulse; Sprint-4-6; Phase-4-6; E05; F05.01; Audit; Reporting-Trust; Evidence; AP-ClinicalPulse\Data Quality & Governance; IP-ClinicalPulse\Sprint 4 - Silver Layer and Validation
Feature,,KPI Dictionary and Validation,,,New,Define and validate governed dashboard metrics.,,ClinicalPulse; Sprint-4-6; Phase-4-6; E05; F05.02; KPI; AP-ClinicalPulse\Data Quality & Governance; IP-ClinicalPulse\Sprint 5 - Gold Layer and Marts
User Story,,,Define core KPI dictionary entries,,New,"As a data steward, I want define core kpi dictionary entries so that total encounters, unique patients, average/median LOS, readmission rate, observation volume, procedure volume, data quality pass rate, and API coverage are defined.",Deliverable exists at docs/kpi_dictionary.md; content aligns with the ClinicalPulse specification; reviewer can trace the work item to a committed artifact; assumptions and limitations are documented where relevant.,ClinicalPulse; Sprint-4-6; Phase-4-6; E05; F05.02; KPI; AP-ClinicalPulse\Data Quality & Governance; IP-ClinicalPulse\Sprint 5 - Gold Layer and Marts
Task,,,,Draft/build artifact for Define core KPI dictionary entries,New,Create the first complete version of the artifact or implementation for Define core KPI dictionary entries.,,ClinicalPulse; Sprint-4-6; Phase-4-6; E05; F05.02; KPI; AP-ClinicalPulse\Data Quality & Governance; IP-ClinicalPulse\Sprint 5 - Gold Layer and Marts
Task,,,,Validate and document Define core KPI dictionary entries,New,"Check the work against acceptance criteria, document assumptions, and record evidence for Define core KPI dictionary entries.",,ClinicalPulse; Sprint-4-6; Phase-4-6; E05; F05.02; KPI; AP-ClinicalPulse\Data Quality & Governance; IP-ClinicalPulse\Sprint 5 - Gold Layer and Marts
User Story,,,Write SQL validation queries for core KPIs,,New,"As a BI developer, I want write sql validation queries for core kpis so that each core KPI has an independent SQL validation query.",Deliverable exists at sql/08_kpi_validation_queries.sql; content aligns with the ClinicalPulse specification; reviewer can trace the work item to a committed artifact; assumptions and limitations are documented where relevant.,ClinicalPulse; Sprint-4-6; Phase-4-6; E05; F05.02; Validation; AP-ClinicalPulse\Data Quality & Governance; IP-ClinicalPulse\Sprint 5 - Gold Layer and Marts
Task,,,,Draft/build artifact for Write SQL validation queries for core KPIs,New,Create the first complete version of the artifact or implementation for Write SQL validation queries for core KPIs.,,ClinicalPulse; Sprint-4-6; Phase-4-6; E05; F05.02; Validation; AP-ClinicalPulse\Data Quality & Governance; IP-ClinicalPulse\Sprint 5 - Gold Layer and Marts
Task,,,,Validate and document Write SQL validation queries for core KPIs,New,"Check the work against acceptance criteria, document assumptions, and record evidence for Write SQL validation queries for core KPIs.",,ClinicalPulse; Sprint-4-6; Phase-4-6; E05; F05.02; Validation; AP-ClinicalPulse\Data Quality & Governance; IP-ClinicalPulse\Sprint 5 - Gold Layer and Marts
Task,,,,Commit and link implementation evidence for Write SQL validation queries for core KPIs,New,"Commit related code/docs, reference the Azure Boards work item in the commit, and capture validation notes for Write SQL validation queries for core KPIs.",,ClinicalPulse; Sprint-4-6; Phase-4-6; E05; F05.02; Validation; Evidence; AP-ClinicalPulse\Data Quality & Governance; IP-ClinicalPulse\Sprint 5 - Gold Layer and Marts
User Story,,,Reconcile KPI outputs to gold marts,,New,"As a BI developer, I want reconcile kpi outputs to gold marts so that KPI values match expected mart outputs before Power BI work begins.",Deliverable exists at docs/kpi_validation_log.md; content aligns with the ClinicalPulse specification; reviewer can trace the work item to a committed artifact; assumptions and limitations are documented where relevant.,ClinicalPulse; Sprint-4-6; Phase-4-6; E05; F05.02; Reconciliation; AP-ClinicalPulse\Data Quality & Governance; IP-ClinicalPulse\Sprint 5 - Gold Layer and Marts
Task,,,,Draft/build artifact for Reconcile KPI outputs to gold marts,New,Create the first complete version of the artifact or implementation for Reconcile KPI outputs to gold marts.,,ClinicalPulse; Sprint-4-6; Phase-4-6; E05; F05.02; Reconciliation; AP-ClinicalPulse\Data Quality & Governance; IP-ClinicalPulse\Sprint 5 - Gold Layer and Marts
Task,,,,Validate and document Reconcile KPI outputs to gold marts,New,"Check the work against acceptance criteria, document assumptions, and record evidence for Reconcile KPI outputs to gold marts.",,ClinicalPulse; Sprint-4-6; Phase-4-6; E05; F05.02; Reconciliation; AP-ClinicalPulse\Data Quality & Governance; IP-ClinicalPulse\Sprint 5 - Gold Layer and Marts
Task,,,,Commit and link implementation evidence for Reconcile KPI outputs to gold marts,New,"Commit related code/docs, reference the Azure Boards work item in the commit, and capture validation notes for Reconcile KPI outputs to gold marts.",,ClinicalPulse; Sprint-4-6; Phase-4-6; E05; F05.02; Reconciliation; Evidence; AP-ClinicalPulse\Data Quality & Governance; IP-ClinicalPulse\Sprint 5 - Gold Layer and Marts
Feature,,"Data Assets, Lineage, and Scorecards",,,New,"Document trust, ownership, lineage, and asset readiness.",,ClinicalPulse; Sprint-4-6; Phase-4-6; E05; F05.03; Data; AP-ClinicalPulse\Data Quality & Governance; IP-ClinicalPulse\Sprint 6 - Power BI Reporting
User Story,,,Create data asset catalog,,New,"As a data steward, I want create data asset catalog so that tables, views, marts, dashboards, and API views are cataloged.",Deliverable exists at docs/data_asset_catalog.md; content aligns with the ClinicalPulse specification; reviewer can trace the work item to a committed artifact; assumptions and limitations are documented where relevant.,ClinicalPulse; Sprint-4-6; Phase-4-6; E05; F05.03; Catalog; AP-ClinicalPulse\Data Quality & Governance; IP-ClinicalPulse\Sprint 6 - Power BI Reporting
Task,,,,Draft/build artifact for Create data asset catalog,New,Create the first complete version of the artifact or implementation for Create data asset catalog.,,ClinicalPulse; Sprint-4-6; Phase-4-6; E05; F05.03; Catalog; AP-ClinicalPulse\Data Quality & Governance; IP-ClinicalPulse\Sprint 6 - Power BI Reporting
Task,,,,Validate and document Create data asset catalog,New,"Check the work against acceptance criteria, document assumptions, and record evidence for Create data asset catalog.",,ClinicalPulse; Sprint-4-6; Phase-4-6; E05; F05.03; Catalog; AP-ClinicalPulse\Data Quality & Governance; IP-ClinicalPulse\Sprint 6 - Power BI Reporting
User Story,,,Create data lineage document,,New,"As a data steward, I want create data lineage document so that source-to-bronze-to-silver-to-gold-to-Power-BI/API lineage is traceable.",Deliverable exists at docs/data_lineage.md; content aligns with the ClinicalPulse specification; reviewer can trace the work item to a committed artifact; assumptions and limitations are documented where relevant.,ClinicalPulse; Sprint-4-6; Phase-4-6; E05; F05.03; Lineage; AP-ClinicalPulse\Data Quality & Governance; IP-ClinicalPulse\Sprint 6 - Power BI Reporting
Task,,,,Draft/build artifact for Create data lineage document,New,Create the first complete version of the artifact or implementation for Create data lineage document.,,ClinicalPulse; Sprint-4-6; Phase-4-6; E05; F05.03; Lineage; AP-ClinicalPulse\Data Quality & Governance; IP-ClinicalPulse\Sprint 6 - Power BI Reporting
Task,,,,Validate and document Create data lineage document,New,"Check the work against acceptance criteria, document assumptions, and record evidence for Create data lineage document.",,ClinicalPulse; Sprint-4-6; Phase-4-6; E05; F05.03; Lineage; AP-ClinicalPulse\Data Quality & Governance; IP-ClinicalPulse\Sprint 6 - Power BI Reporting
User Story,,,Create data asset scorecards,,New,"As a data steward, I want create data asset scorecards so that key assets have reliability, documentation, validation, security, and adoption ratings.",Deliverable exists at docs/data_asset_scorecards.md; content aligns with the ClinicalPulse specification; reviewer can trace the work item to a committed artifact; assumptions and limitations are documented where relevant.,ClinicalPulse; Sprint-4-6; Phase-4-6; E05; F05.03; Scorecards; AP-ClinicalPulse\Data Quality & Governance; IP-ClinicalPulse\Sprint 6 - Power BI Reporting
Task,,,,Draft/build artifact for Create data asset scorecards,New,Create the first complete version of the artifact or implementation for Create data asset scorecards.,,ClinicalPulse; Sprint-4-6; Phase-4-6; E05; F05.03; Scorecards; AP-ClinicalPulse\Data Quality & Governance; IP-ClinicalPulse\Sprint 6 - Power BI Reporting
Task,,,,Validate and document Create data asset scorecards,New,"Check the work against acceptance criteria, document assumptions, and record evidence for Create data asset scorecards.",,ClinicalPulse; Sprint-4-6; Phase-4-6; E05; F05.03; Scorecards; AP-ClinicalPulse\Data Quality & Governance; IP-ClinicalPulse\Sprint 6 - Power BI Reporting
User Story,,,"Document ownership, stewardship, and security assumptions",,New,"As a project owner, I want document ownership, stewardship, and security assumptions so that ownership and least-privilege assumptions are clear.",Deliverable exists at docs/security_model.md; docs/data_governance_plan.md; content aligns with the ClinicalPulse specification; reviewer can trace the work item to a committed artifact; assumptions and limitations are documented where relevant.,ClinicalPulse; Sprint-4-6; Phase-4-6; E05; F05.03; Ownership; Security; AP-ClinicalPulse\Data Quality & Governance; IP-ClinicalPulse\Sprint 6 - Power BI Reporting
Task,,,,"Draft/build artifact for Document ownership, stewardship, and security assumptions",New,"Create the first complete version of the artifact or implementation for Document ownership, stewardship, and security assumptions.",,ClinicalPulse; Sprint-4-6; Phase-4-6; E05; F05.03; Ownership; Security; AP-ClinicalPulse\Data Quality & Governance; IP-ClinicalPulse\Sprint 6 - Power BI Reporting
Task,,,,"Validate and document Document ownership, stewardship, and security assumptions",New,"Check the work against acceptance criteria, document assumptions, and record evidence for Document ownership, stewardship, and security assumptions.",,ClinicalPulse; Sprint-4-6; Phase-4-6; E05; F05.03; Ownership; Security; AP-ClinicalPulse\Data Quality & Governance; IP-ClinicalPulse\Sprint 6 - Power BI Reporting
Epic,Power BI Reporting,,,,New,"Build governed Power BI semantic model, DAX measures, dashboard pages, screenshots, and metric reconciliation evidence.",,ClinicalPulse; Sprint-6; Phase-6; E06; Power-BI; Reporting; AP-ClinicalPulse\Power BI; IP-ClinicalPulse\Sprint 6 - Power BI Reporting
Feature,,Power BI Semantic Model,,,New,Build and validate the Power BI semantic model on gold tables/views.,,ClinicalPulse; Sprint-6; Phase-6; E06; F06.01; Power; AP-ClinicalPulse\Power BI; IP-ClinicalPulse\Sprint 6 - Power BI Reporting
User Story,,,Connect Power BI to SQL Server gold schema,,New,"As a BI developer, I want connect power bi to sql server gold schema so that Power BI uses gold tables/views rather than raw files or bronze tables.",Deliverable exists at powerbi/semantic_model_notes.md; content aligns with the ClinicalPulse specification; reviewer can trace the work item to a committed artifact; assumptions and limitations are documented where relevant.,ClinicalPulse; Sprint-6; Phase-6; E06; F06.01; Power-BI; Gold; AP-ClinicalPulse\Power BI; IP-ClinicalPulse\Sprint 6 - Power BI Reporting
Task,,,,Draft/build artifact for Connect Power BI to SQL Server gold schema,New,Create the first complete version of the artifact or implementation for Connect Power BI to SQL Server gold schema.,,ClinicalPulse; Sprint-6; Phase-6; E06; F06.01; Power-BI; Gold; AP-ClinicalPulse\Power BI; IP-ClinicalPulse\Sprint 6 - Power BI Reporting
Task,,,,Validate and document Connect Power BI to SQL Server gold schema,New,"Check the work against acceptance criteria, document assumptions, and record evidence for Connect Power BI to SQL Server gold schema.",,ClinicalPulse; Sprint-6; Phase-6; E06; F06.01; Power-BI; Gold; AP-ClinicalPulse\Power BI; IP-ClinicalPulse\Sprint 6 - Power BI Reporting
Task,,,,Commit and link implementation evidence for Connect Power BI to SQL Server gold schema,New,"Commit related code/docs, reference the Azure Boards work item in the commit, and capture validation notes for Connect Power BI to SQL Server gold schema.",,ClinicalPulse; Sprint-6; Phase-6; E06; F06.01; Power-BI; Gold; Evidence; AP-ClinicalPulse\Power BI; IP-ClinicalPulse\Sprint 6 - Power BI Reporting
User Story,,,Build relationships and date table,,New,"As a BI developer, I want build relationships and date table so that the semantic model supports consistent filtering by date, encounter class, organization, age band, condition group, and procedure group.",Deliverable exists at powerbi/semantic_model_notes.md; content aligns with the ClinicalPulse specification; reviewer can trace the work item to a committed artifact; assumptions and limitations are documented where relevant.,ClinicalPulse; Sprint-6; Phase-6; E06; F06.01; Semantic-Model; AP-ClinicalPulse\Power BI; IP-ClinicalPulse\Sprint 6 - Power BI Reporting
Task,,,,Draft/build artifact for Build relationships and date table,New,Create the first complete version of the artifact or implementation for Build relationships and date table.,,ClinicalPulse; Sprint-6; Phase-6; E06; F06.01; Semantic-Model; AP-ClinicalPulse\Power BI; IP-ClinicalPulse\Sprint 6 - Power BI Reporting
Task,,,,Validate and document Build relationships and date table,New,"Check the work against acceptance criteria, document assumptions, and record evidence for Build relationships and date table.",,ClinicalPulse; Sprint-6; Phase-6; E06; F06.01; Semantic-Model; AP-ClinicalPulse\Power BI; IP-ClinicalPulse\Sprint 6 - Power BI Reporting
Task,,,,Commit and link implementation evidence for Build relationships and date table,New,"Commit related code/docs, reference the Azure Boards work item in the commit, and capture validation notes for Build relationships and date table.",,ClinicalPulse; Sprint-6; Phase-6; E06; F06.01; Semantic-Model; Evidence; AP-ClinicalPulse\Power BI; IP-ClinicalPulse\Sprint 6 - Power BI Reporting
User Story,,,Document DAX measure definitions,,New,"As a BI developer, I want document dax measure definitions so that all dashboard measures are documented in plain English and DAX form.",Deliverable exists at powerbi/measure_definitions.md; content aligns with the ClinicalPulse specification; reviewer can trace the work item to a committed artifact; assumptions and limitations are documented where relevant.,ClinicalPulse; Sprint-6; Phase-6; E06; F06.01; DAX; AP-ClinicalPulse\Power BI; IP-ClinicalPulse\Sprint 6 - Power BI Reporting
Task,,,,Draft/build artifact for Document DAX measure definitions,New,Create the first complete version of the artifact or implementation for Document DAX measure definitions.,,ClinicalPulse; Sprint-6; Phase-6; E06; F06.01; DAX; AP-ClinicalPulse\Power BI; IP-ClinicalPulse\Sprint 6 - Power BI Reporting
Task,,,,Validate and document Document DAX measure definitions,New,"Check the work against acceptance criteria, document assumptions, and record evidence for Document DAX measure definitions.",,ClinicalPulse; Sprint-6; Phase-6; E06; F06.01; DAX; AP-ClinicalPulse\Power BI; IP-ClinicalPulse\Sprint 6 - Power BI Reporting
Task,,,,Commit and link implementation evidence for Document DAX measure definitions,New,"Commit related code/docs, reference the Azure Boards work item in the commit, and capture validation notes for Document DAX measure definitions.",,ClinicalPulse; Sprint-6; Phase-6; E06; F06.01; DAX; Evidence; AP-ClinicalPulse\Power BI; IP-ClinicalPulse\Sprint 6 - Power BI Reporting
User Story,,,Validate DAX measures against SQL outputs,,New,"As a BI developer, I want validate dax measures against sql outputs so that Power BI KPI outputs reconcile to SQL validation queries.",Deliverable exists at docs/powerbi_validation_log.md; content aligns with the ClinicalPulse specification; reviewer can trace the work item to a committed artifact; assumptions and limitations are documented where relevant.,ClinicalPulse; Sprint-6; Phase-6; E06; F06.01; Validation; AP-ClinicalPulse\Power BI; IP-ClinicalPulse\Sprint 6 - Power BI Reporting
Task,,,,Draft/build artifact for Validate DAX measures against SQL outputs,New,Create the first complete version of the artifact or implementation for Validate DAX measures against SQL outputs.,,ClinicalPulse; Sprint-6; Phase-6; E06; F06.01; Validation; AP-ClinicalPulse\Power BI; IP-ClinicalPulse\Sprint 6 - Power BI Reporting
Task,,,,Validate and document Validate DAX measures against SQL outputs,New,"Check the work against acceptance criteria, document assumptions, and record evidence for Validate DAX measures against SQL outputs.",,ClinicalPulse; Sprint-6; Phase-6; E06; F06.01; Validation; AP-ClinicalPulse\Power BI; IP-ClinicalPulse\Sprint 6 - Power BI Reporting
Task,,,,Commit and link implementation evidence for Validate DAX measures against SQL outputs,New,"Commit related code/docs, reference the Azure Boards work item in the commit, and capture validation notes for Validate DAX measures against SQL outputs.",,ClinicalPulse; Sprint-6; Phase-6; E06; F06.01; Validation; Evidence; AP-ClinicalPulse\Power BI; IP-ClinicalPulse\Sprint 6 - Power BI Reporting
Feature,,Dashboard Pages,,,New,Create stakeholder-facing dashboard pages for core operational use cases.,,ClinicalPulse; Sprint-6; Phase-6; E06; F06.02; Dashboard; AP-ClinicalPulse\Power BI; IP-ClinicalPulse\Sprint 6 - Power BI Reporting
User Story,,,Build Executive Overview dashboard page,,New,"As a executive viewer, I want build executive overview dashboard page so that high-level operational health, KPI trends, and data quality score are visible.",Deliverable exists at powerbi/screenshots/executive_overview.png; content aligns with the ClinicalPulse specification; reviewer can trace the work item to a committed artifact; assumptions and limitations are documented where relevant.,ClinicalPulse; Sprint-6; Phase-6; E06; F06.02; Dashboard; AP-ClinicalPulse\Power BI; IP-ClinicalPulse\Sprint 6 - Power BI Reporting
Task,,,,Draft/build artifact for Build Executive Overview dashboard page,New,Create the first complete version of the artifact or implementation for Build Executive Overview dashboard page.,,ClinicalPulse; Sprint-6; Phase-6; E06; F06.02; Dashboard; AP-ClinicalPulse\Power BI; IP-ClinicalPulse\Sprint 6 - Power BI Reporting
Task,,,,Validate and document Build Executive Overview dashboard page,New,"Check the work against acceptance criteria, document assumptions, and record evidence for Build Executive Overview dashboard page.",,ClinicalPulse; Sprint-6; Phase-6; E06; F06.02; Dashboard; AP-ClinicalPulse\Power BI; IP-ClinicalPulse\Sprint 6 - Power BI Reporting
User Story,,,Build Patient Flow and LOS dashboard pages,,New,"As a operational manager, I want build patient flow and los dashboard pages so that encounter volume, LOS distribution, and long-stay indicators can be explored.",Deliverable exists at powerbi/screenshots/patient_flow.png; powerbi/screenshots/length_of_stay.png; content aligns with the ClinicalPulse specification; reviewer can trace the work item to a committed artifact; assumptions and limitations are documented where relevant.,ClinicalPulse; Sprint-6; Phase-6; E06; F06.02; Patient-Flow; LOS; AP-ClinicalPulse\Power BI; IP-ClinicalPulse\Sprint 6 - Power BI Reporting
Task,,,,Draft/build artifact for Build Patient Flow and LOS dashboard pages,New,Create the first complete version of the artifact or implementation for Build Patient Flow and LOS dashboard pages.,,ClinicalPulse; Sprint-6; Phase-6; E06; F06.02; Patient-Flow; LOS; AP-ClinicalPulse\Power BI; IP-ClinicalPulse\Sprint 6 - Power BI Reporting
Task,,,,Validate and document Build Patient Flow and LOS dashboard pages,New,"Check the work against acceptance criteria, document assumptions, and record evidence for Build Patient Flow and LOS dashboard pages.",,ClinicalPulse; Sprint-6; Phase-6; E06; F06.02; Patient-Flow; LOS; AP-ClinicalPulse\Power BI; IP-ClinicalPulse\Sprint 6 - Power BI Reporting
User Story,,,Build Readmissions dashboard page,,New,"As a operational manager, I want build readmissions dashboard page so that 30-day readmission count/rate and days-to-readmission patterns are visible.",Deliverable exists at powerbi/screenshots/readmissions.png; content aligns with the ClinicalPulse specification; reviewer can trace the work item to a committed artifact; assumptions and limitations are documented where relevant.,ClinicalPulse; Sprint-6; Phase-6; E06; F06.02; Readmissions; AP-ClinicalPulse\Power BI; IP-ClinicalPulse\Sprint 6 - Power BI Reporting
Task,,,,Draft/build artifact for Build Readmissions dashboard page,New,Create the first complete version of the artifact or implementation for Build Readmissions dashboard page.,,ClinicalPulse; Sprint-6; Phase-6; E06; F06.02; Readmissions; AP-ClinicalPulse\Power BI; IP-ClinicalPulse\Sprint 6 - Power BI Reporting
Task,,,,Validate and document Build Readmissions dashboard page,New,"Check the work against acceptance criteria, document assumptions, and record evidence for Build Readmissions dashboard page.",,ClinicalPulse; Sprint-6; Phase-6; E06; F06.02; Readmissions; AP-ClinicalPulse\Power BI; IP-ClinicalPulse\Sprint 6 - Power BI Reporting
User Story,,,Build Conditions and Procedures dashboard page,,New,"As a operational manager, I want build conditions and procedures dashboard page so that case mix and utilization patterns are visible.",Deliverable exists at powerbi/screenshots/conditions_procedures.png; content aligns with the ClinicalPulse specification; reviewer can trace the work item to a committed artifact; assumptions and limitations are documented where relevant.,ClinicalPulse; Sprint-6; Phase-6; E06; F06.02; Utilization; AP-ClinicalPulse\Power BI; IP-ClinicalPulse\Sprint 6 - Power BI Reporting
Task,,,,Draft/build artifact for Build Conditions and Procedures dashboard page,New,Create the first complete version of the artifact or implementation for Build Conditions and Procedures dashboard page.,,ClinicalPulse; Sprint-6; Phase-6; E06; F06.02; Utilization; AP-ClinicalPulse\Power BI; IP-ClinicalPulse\Sprint 6 - Power BI Reporting
Task,,,,Validate and document Build Conditions and Procedures dashboard page,New,"Check the work against acceptance criteria, document assumptions, and record evidence for Build Conditions and Procedures dashboard page.",,ClinicalPulse; Sprint-6; Phase-6; E06; F06.02; Utilization; AP-ClinicalPulse\Power BI; IP-ClinicalPulse\Sprint 6 - Power BI Reporting
User Story,,,Build Lab / Observation Operations dashboard page,,New,"As a operational manager, I want build lab / observation operations dashboard page so that observation volume, top observation codes, and trends are visible.",Deliverable exists at powerbi/screenshots/lab_operations.png; content aligns with the ClinicalPulse specification; reviewer can trace the work item to a committed artifact; assumptions and limitations are documented where relevant.,ClinicalPulse; Sprint-6; Phase-6; E06; F06.02; Lab-Operations; AP-ClinicalPulse\Power BI; IP-ClinicalPulse\Sprint 6 - Power BI Reporting
Task,,,,Draft/build artifact for Build Lab / Observation Operations dashboard page,New,Create the first complete version of the artifact or implementation for Build Lab / Observation Operations dashboard page.,,ClinicalPulse; Sprint-6; Phase-6; E06; F06.02; Lab-Operations; AP-ClinicalPulse\Power BI; IP-ClinicalPulse\Sprint 6 - Power BI Reporting
Task,,,,Validate and document Build Lab / Observation Operations dashboard page,New,"Check the work against acceptance criteria, document assumptions, and record evidence for Build Lab / Observation Operations dashboard page.",,ClinicalPulse; Sprint-6; Phase-6; E06; F06.02; Lab-Operations; AP-ClinicalPulse\Power BI; IP-ClinicalPulse\Sprint 6 - Power BI Reporting
User Story,,,Build Data Quality and Governance dashboard page,,New,"As a data steward, I want build data quality and governance dashboard page so that quality rule status, scorecard ratings, and KPI documentation status are visible.",Deliverable exists at powerbi/screenshots/data_quality_governance.png; content aligns with the ClinicalPulse specification; reviewer can trace the work item to a committed artifact; assumptions and limitations are documented where relevant.,ClinicalPulse; Sprint-6; Phase-6; E06; F06.02; Governance; Reporting-Trust; AP-ClinicalPulse\Power BI; IP-ClinicalPulse\Sprint 6 - Power BI Reporting
Task,,,,Draft/build artifact for Build Data Quality and Governance dashboard page,New,Create the first complete version of the artifact or implementation for Build Data Quality and Governance dashboard page.,,ClinicalPulse; Sprint-6; Phase-6; E06; F06.02; Governance; Reporting-Trust; AP-ClinicalPulse\Power BI; IP-ClinicalPulse\Sprint 6 - Power BI Reporting
Task,,,,Validate and document Build Data Quality and Governance dashboard page,New,"Check the work against acceptance criteria, document assumptions, and record evidence for Build Data Quality and Governance dashboard page.",,ClinicalPulse; Sprint-6; Phase-6; E06; F06.02; Governance; Reporting-Trust; AP-ClinicalPulse\Power BI; IP-ClinicalPulse\Sprint 6 - Power BI Reporting
Task,,,,Commit and link implementation evidence for Build Data Quality and Governance dashboard page,New,"Commit related code/docs, reference the Azure Boards work item in the commit, and capture validation notes for Build Data Quality and Governance dashboard page.",,ClinicalPulse; Sprint-6; Phase-6; E06; F06.02; Governance; Reporting-Trust; Evidence; AP-ClinicalPulse\Power BI; IP-ClinicalPulse\Sprint 6 - Power BI Reporting
User Story,,,Build FHIR API Demonstration dashboard page,,New,"As a interoperability reviewer, I want build fhir api demonstration dashboard page so that FHIR mapping coverage and sample API evidence are visible.",Deliverable exists at powerbi/screenshots/fhir_api_demo.png; content aligns with the ClinicalPulse specification; reviewer can trace the work item to a committed artifact; assumptions and limitations are documented where relevant.,ClinicalPulse; Sprint-6; Phase-6; E06; F06.02; FHIR; API; AP-ClinicalPulse\Power BI; IP-ClinicalPulse\Sprint 6 - Power BI Reporting
Task,,,,Draft/build artifact for Build FHIR API Demonstration dashboard page,New,Create the first complete version of the artifact or implementation for Build FHIR API Demonstration dashboard page.,,ClinicalPulse; Sprint-6; Phase-6; E06; F06.02; FHIR; API; AP-ClinicalPulse\Power BI; IP-ClinicalPulse\Sprint 6 - Power BI Reporting
Task,,,,Validate and document Build FHIR API Demonstration dashboard page,New,"Check the work against acceptance criteria, document assumptions, and record evidence for Build FHIR API Demonstration dashboard page.",,ClinicalPulse; Sprint-6; Phase-6; E06; F06.02; FHIR; API; AP-ClinicalPulse\Power BI; IP-ClinicalPulse\Sprint 6 - Power BI Reporting
Feature,,Report Polish and Evidence,,,New,Prepare dashboard evidence for portfolio review.,,ClinicalPulse; Sprint-6; Phase-6; E06; F06.03; Report; AP-ClinicalPulse\Power BI; IP-ClinicalPulse\Sprint 6 - Power BI Reporting
User Story,,,Create screenshot documentation,,New,"As a portfolio reviewer, I want create screenshot documentation so that dashboard pages are captured and described in documentation.",Deliverable exists at powerbi/screenshots/; docs/dashboard_walkthrough.md; content aligns with the ClinicalPulse specification; reviewer can trace the work item to a committed artifact; assumptions and limitations are documented where relevant.,ClinicalPulse; Sprint-6; Phase-6; E06; F06.03; Screenshots; AP-ClinicalPulse\Power BI; IP-ClinicalPulse\Sprint 6 - Power BI Reporting
Task,,,,Draft/build artifact for Create screenshot documentation,New,Create the first complete version of the artifact or implementation for Create screenshot documentation.,,ClinicalPulse; Sprint-6; Phase-6; E06; F06.03; Screenshots; AP-ClinicalPulse\Power BI; IP-ClinicalPulse\Sprint 6 - Power BI Reporting
Task,,,,Validate and document Create screenshot documentation,New,"Check the work against acceptance criteria, document assumptions, and record evidence for Create screenshot documentation.",,ClinicalPulse; Sprint-6; Phase-6; E06; F06.03; Screenshots; AP-ClinicalPulse\Power BI; IP-ClinicalPulse\Sprint 6 - Power BI Reporting
User Story,,,Write dashboard interpretation notes,,New,"As a stakeholder, I want write dashboard interpretation notes so that a non-technical reviewer can understand how to read each dashboard page.",Deliverable exists at docs/dashboard_walkthrough.md; content aligns with the ClinicalPulse specification; reviewer can trace the work item to a committed artifact; assumptions and limitations are documented where relevant.,ClinicalPulse; Sprint-6; Phase-6; E06; F06.03; Stakeholder-Comms; AP-ClinicalPulse\Power BI; IP-ClinicalPulse\Sprint 6 - Power BI Reporting
Task,,,,Draft/build artifact for Write dashboard interpretation notes,New,Create the first complete version of the artifact or implementation for Write dashboard interpretation notes.,,ClinicalPulse; Sprint-6; Phase-6; E06; F06.03; Stakeholder-Comms; AP-ClinicalPulse\Power BI; IP-ClinicalPulse\Sprint 6 - Power BI Reporting
Task,,,,Validate and document Write dashboard interpretation notes,New,"Check the work against acceptance criteria, document assumptions, and record evidence for Write dashboard interpretation notes.",,ClinicalPulse; Sprint-6; Phase-6; E06; F06.03; Stakeholder-Comms; AP-ClinicalPulse\Power BI; IP-ClinicalPulse\Sprint 6 - Power BI Reporting
User Story,,,Finalize report UX and accessibility checks,,New,"As a BI developer, I want finalize report ux and accessibility checks so that dashboard pages are readable, consistent, and not over-cluttered.",Deliverable exists at docs/report_design_checklist.md; content aligns with the ClinicalPulse specification; reviewer can trace the work item to a committed artifact; assumptions and limitations are documented where relevant.,ClinicalPulse; Sprint-6; Phase-6; E06; F06.03; UX; AP-ClinicalPulse\Power BI; IP-ClinicalPulse\Sprint 6 - Power BI Reporting
Task,,,,Draft/build artifact for Finalize report UX and accessibility checks,New,Create the first complete version of the artifact or implementation for Finalize report UX and accessibility checks.,,ClinicalPulse; Sprint-6; Phase-6; E06; F06.03; UX; AP-ClinicalPulse\Power BI; IP-ClinicalPulse\Sprint 6 - Power BI Reporting
Task,,,,Validate and document Finalize report UX and accessibility checks,New,"Check the work against acceptance criteria, document assumptions, and record evidence for Finalize report UX and accessibility checks.",,ClinicalPulse; Sprint-6; Phase-6; E06; F06.03; UX; AP-ClinicalPulse\Power BI; IP-ClinicalPulse\Sprint 6 - Power BI Reporting
Epic,FHIR API & Interoperability,,,,New,Map relational entities to FHIR-style resources and expose selected read-only resources through a FastAPI service.,,ClinicalPulse; Sprint-7; Phase-7; E07; FHIR; FastAPI; Interoperability; AP-ClinicalPulse\FHIR API; IP-ClinicalPulse\Sprint 7 - FHIR API Component
Feature,,FHIR Mapping and API SQL Views,,,New,Prepare FHIR-style relational mappings and SQL views.,,ClinicalPulse; Sprint-7; Phase-7; E07; F07.01; FHIR; AP-ClinicalPulse\FHIR API; IP-ClinicalPulse\Sprint 7 - FHIR API Component
User Story,,,Create FHIR mapping document,,New,"As a interoperability reviewer, I want create fhir mapping document so that ClinicalPulse entities are mapped to Patient, Encounter, Observation, Condition, Procedure, Organization, and Practitioner-style resources.",Deliverable exists at docs/fhir_mapping.md; content aligns with the ClinicalPulse specification; reviewer can trace the work item to a committed artifact; assumptions and limitations are documented where relevant.,ClinicalPulse; Sprint-7; Phase-7; E07; F07.01; FHIR-Mapping; AP-ClinicalPulse\FHIR API; IP-ClinicalPulse\Sprint 7 - FHIR API Component
Task,,,,Draft/build artifact for Create FHIR mapping document,New,Create the first complete version of the artifact or implementation for Create FHIR mapping document.,,ClinicalPulse; Sprint-7; Phase-7; E07; F07.01; FHIR-Mapping; AP-ClinicalPulse\FHIR API; IP-ClinicalPulse\Sprint 7 - FHIR API Component
Task,,,,Validate and document Create FHIR mapping document,New,"Check the work against acceptance criteria, document assumptions, and record evidence for Create FHIR mapping document.",,ClinicalPulse; Sprint-7; Phase-7; E07; F07.01; FHIR-Mapping; AP-ClinicalPulse\FHIR API; IP-ClinicalPulse\Sprint 7 - FHIR API Component
User Story,,,Create API views for Patient and Encounter,,New,"As a developer, I want create api views for patient and encounter so that read-only SQL views produce FHIR-ready Patient and Encounter structures.",Deliverable exists at sql/09_create_api_views.sql; content aligns with the ClinicalPulse specification; reviewer can trace the work item to a committed artifact; assumptions and limitations are documented where relevant.,ClinicalPulse; Sprint-7; Phase-7; E07; F07.01; API-Views; AP-ClinicalPulse\FHIR API; IP-ClinicalPulse\Sprint 7 - FHIR API Component
Task,,,,Draft/build artifact for Create API views for Patient and Encounter,New,Create the first complete version of the artifact or implementation for Create API views for Patient and Encounter.,,ClinicalPulse; Sprint-7; Phase-7; E07; F07.01; API-Views; AP-ClinicalPulse\FHIR API; IP-ClinicalPulse\Sprint 7 - FHIR API Component
Task,,,,Validate and document Create API views for Patient and Encounter,New,"Check the work against acceptance criteria, document assumptions, and record evidence for Create API views for Patient and Encounter.",,ClinicalPulse; Sprint-7; Phase-7; E07; F07.01; API-Views; AP-ClinicalPulse\FHIR API; IP-ClinicalPulse\Sprint 7 - FHIR API Component
Task,,,,Commit and link implementation evidence for Create API views for Patient and Encounter,New,"Commit related code/docs, reference the Azure Boards work item in the commit, and capture validation notes for Create API views for Patient and Encounter.",,ClinicalPulse; Sprint-7; Phase-7; E07; F07.01; API-Views; Evidence; AP-ClinicalPulse\FHIR API; IP-ClinicalPulse\Sprint 7 - FHIR API Component
User Story,,,"Create API views for Observation, Condition, and Procedure",,New,"As a developer, I want create api views for observation, condition, and procedure so that read-only SQL views produce FHIR-ready clinical context structures.",Deliverable exists at sql/09_create_api_views.sql; content aligns with the ClinicalPulse specification; reviewer can trace the work item to a committed artifact; assumptions and limitations are documented where relevant.,ClinicalPulse; Sprint-7; Phase-7; E07; F07.01; API-Views; AP-ClinicalPulse\FHIR API; IP-ClinicalPulse\Sprint 7 - FHIR API Component
Task,,,,"Draft/build artifact for Create API views for Observation, Condition, and Procedure",New,"Create the first complete version of the artifact or implementation for Create API views for Observation, Condition, and Procedure.",,ClinicalPulse; Sprint-7; Phase-7; E07; F07.01; API-Views; AP-ClinicalPulse\FHIR API; IP-ClinicalPulse\Sprint 7 - FHIR API Component
Task,,,,"Validate and document Create API views for Observation, Condition, and Procedure",New,"Check the work against acceptance criteria, document assumptions, and record evidence for Create API views for Observation, Condition, and Procedure.",,ClinicalPulse; Sprint-7; Phase-7; E07; F07.01; API-Views; AP-ClinicalPulse\FHIR API; IP-ClinicalPulse\Sprint 7 - FHIR API Component
Task,,,,"Commit and link implementation evidence for Create API views for Observation, Condition, and Procedure",New,"Commit related code/docs, reference the Azure Boards work item in the commit, and capture validation notes for Create API views for Observation, Condition, and Procedure.",,ClinicalPulse; Sprint-7; Phase-7; E07; F07.01; API-Views; Evidence; AP-ClinicalPulse\FHIR API; IP-ClinicalPulse\Sprint 7 - FHIR API Component
Feature,,FastAPI Service,,,New,Build a lightweight read-only FastAPI service for selected resources.,,ClinicalPulse; Sprint-7; Phase-7; E07; F07.02; FastAPI; AP-ClinicalPulse\FHIR API; IP-ClinicalPulse\Sprint 7 - FHIR API Component
User Story,,,Set up FastAPI app structure,,New,"As a developer, I want set up fastapi app structure so that API modules, schemas, database utilities, and services are organized.",Deliverable exists at src/api/main.py; src/api/db.py; src/api/schemas.py; content aligns with the ClinicalPulse specification; reviewer can trace the work item to a committed artifact; assumptions and limitations are documented where relevant.,ClinicalPulse; Sprint-7; Phase-7; E07; F07.02; FastAPI; AP-ClinicalPulse\FHIR API; IP-ClinicalPulse\Sprint 7 - FHIR API Component
Task,,,,Draft/build artifact for Set up FastAPI app structure,New,Create the first complete version of the artifact or implementation for Set up FastAPI app structure.,,ClinicalPulse; Sprint-7; Phase-7; E07; F07.02; FastAPI; AP-ClinicalPulse\FHIR API; IP-ClinicalPulse\Sprint 7 - FHIR API Component
Task,,,,Validate and document Set up FastAPI app structure,New,"Check the work against acceptance criteria, document assumptions, and record evidence for Set up FastAPI app structure.",,ClinicalPulse; Sprint-7; Phase-7; E07; F07.02; FastAPI; AP-ClinicalPulse\FHIR API; IP-ClinicalPulse\Sprint 7 - FHIR API Component
Task,,,,Commit and link implementation evidence for Set up FastAPI app structure,New,"Commit related code/docs, reference the Azure Boards work item in the commit, and capture validation notes for Set up FastAPI app structure.",,ClinicalPulse; Sprint-7; Phase-7; E07; F07.02; FastAPI; Evidence; AP-ClinicalPulse\FHIR API; IP-ClinicalPulse\Sprint 7 - FHIR API Component
User Story,,,Implement health and metadata endpoints,,New,"As a developer, I want implement health and metadata endpoints so that GET /health and GET /api/metadata return expected status and supported resources.",Deliverable exists at src/api/main.py; content aligns with the ClinicalPulse specification; reviewer can trace the work item to a committed artifact; assumptions and limitations are documented where relevant.,ClinicalPulse; Sprint-7; Phase-7; E07; F07.02; Endpoint; AP-ClinicalPulse\FHIR API; IP-ClinicalPulse\Sprint 7 - FHIR API Component
Task,,,,Draft/build artifact for Implement health and metadata endpoints,New,Create the first complete version of the artifact or implementation for Implement health and metadata endpoints.,,ClinicalPulse; Sprint-7; Phase-7; E07; F07.02; Endpoint; AP-ClinicalPulse\FHIR API; IP-ClinicalPulse\Sprint 7 - FHIR API Component
Task,,,,Validate and document Implement health and metadata endpoints,New,"Check the work against acceptance criteria, document assumptions, and record evidence for Implement health and metadata endpoints.",,ClinicalPulse; Sprint-7; Phase-7; E07; F07.02; Endpoint; AP-ClinicalPulse\FHIR API; IP-ClinicalPulse\Sprint 7 - FHIR API Component
Task,,,,Commit and link implementation evidence for Implement health and metadata endpoints,New,"Commit related code/docs, reference the Azure Boards work item in the commit, and capture validation notes for Implement health and metadata endpoints.",,ClinicalPulse; Sprint-7; Phase-7; E07; F07.02; Endpoint; Evidence; AP-ClinicalPulse\FHIR API; IP-ClinicalPulse\Sprint 7 - FHIR API Component
User Story,,,Implement Patient and Encounter endpoints,,New,"As a developer, I want implement patient and encounter endpoints so that GET /fhir/Patient/{patient_id} and GET /fhir/Encounter/{encounter_id} return FHIR-style JSON.",Deliverable exists at src/api/services/patient_service.py; src/api/services/encounter_service.py; content aligns with the ClinicalPulse specification; reviewer can trace the work item to a committed artifact; assumptions and limitations are documented where relevant.,ClinicalPulse; Sprint-7; Phase-7; E07; F07.02; Endpoint; AP-ClinicalPulse\FHIR API; IP-ClinicalPulse\Sprint 7 - FHIR API Component
Task,,,,Draft/build artifact for Implement Patient and Encounter endpoints,New,Create the first complete version of the artifact or implementation for Implement Patient and Encounter endpoints.,,ClinicalPulse; Sprint-7; Phase-7; E07; F07.02; Endpoint; AP-ClinicalPulse\FHIR API; IP-ClinicalPulse\Sprint 7 - FHIR API Component
Task,,,,Validate and document Implement Patient and Encounter endpoints,New,"Check the work against acceptance criteria, document assumptions, and record evidence for Implement Patient and Encounter endpoints.",,ClinicalPulse; Sprint-7; Phase-7; E07; F07.02; Endpoint; AP-ClinicalPulse\FHIR API; IP-ClinicalPulse\Sprint 7 - FHIR API Component
Task,,,,Commit and link implementation evidence for Implement Patient and Encounter endpoints,New,"Commit related code/docs, reference the Azure Boards work item in the commit, and capture validation notes for Implement Patient and Encounter endpoints.",,ClinicalPulse; Sprint-7; Phase-7; E07; F07.02; Endpoint; Evidence; AP-ClinicalPulse\FHIR API; IP-ClinicalPulse\Sprint 7 - FHIR API Component
User Story,,,Implement Observation and Condition endpoints,,New,"As a developer, I want implement observation and condition endpoints so that GET /fhir/Observation?patient= and GET /fhir/Condition?patient= return selected synthetic records.",Deliverable exists at src/api/services/observation_service.py; src/api/services/condition_service.py; content aligns with the ClinicalPulse specification; reviewer can trace the work item to a committed artifact; assumptions and limitations are documented where relevant.,ClinicalPulse; Sprint-7; Phase-7; E07; F07.02; Endpoint; AP-ClinicalPulse\FHIR API; IP-ClinicalPulse\Sprint 7 - FHIR API Component
Task,,,,Draft/build artifact for Implement Observation and Condition endpoints,New,Create the first complete version of the artifact or implementation for Implement Observation and Condition endpoints.,,ClinicalPulse; Sprint-7; Phase-7; E07; F07.02; Endpoint; AP-ClinicalPulse\FHIR API; IP-ClinicalPulse\Sprint 7 - FHIR API Component
Task,,,,Validate and document Implement Observation and Condition endpoints,New,"Check the work against acceptance criteria, document assumptions, and record evidence for Implement Observation and Condition endpoints.",,ClinicalPulse; Sprint-7; Phase-7; E07; F07.02; Endpoint; AP-ClinicalPulse\FHIR API; IP-ClinicalPulse\Sprint 7 - FHIR API Component
Task,,,,Commit and link implementation evidence for Implement Observation and Condition endpoints,New,"Commit related code/docs, reference the Azure Boards work item in the commit, and capture validation notes for Implement Observation and Condition endpoints.",,ClinicalPulse; Sprint-7; Phase-7; E07; F07.02; Endpoint; Evidence; AP-ClinicalPulse\FHIR API; IP-ClinicalPulse\Sprint 7 - FHIR API Component
User Story,,,Implement aggregate metrics summary endpoint,,New,"As a developer, I want implement aggregate metrics summary endpoint so that GET /api/metrics/summary returns governed aggregate dashboard metrics.",Deliverable exists at src/api/services/metrics_service.py; content aligns with the ClinicalPulse specification; reviewer can trace the work item to a committed artifact; assumptions and limitations are documented where relevant.,ClinicalPulse; Sprint-7; Phase-7; E07; F07.02; Endpoint; Metrics; AP-ClinicalPulse\FHIR API; IP-ClinicalPulse\Sprint 7 - FHIR API Component
Task,,,,Draft/build artifact for Implement aggregate metrics summary endpoint,New,Create the first complete version of the artifact or implementation for Implement aggregate metrics summary endpoint.,,ClinicalPulse; Sprint-7; Phase-7; E07; F07.02; Endpoint; Metrics; AP-ClinicalPulse\FHIR API; IP-ClinicalPulse\Sprint 7 - FHIR API Component
Task,,,,Validate and document Implement aggregate metrics summary endpoint,New,"Check the work against acceptance criteria, document assumptions, and record evidence for Implement aggregate metrics summary endpoint.",,ClinicalPulse; Sprint-7; Phase-7; E07; F07.02; Endpoint; Metrics; AP-ClinicalPulse\FHIR API; IP-ClinicalPulse\Sprint 7 - FHIR API Component
Task,,,,Commit and link implementation evidence for Implement aggregate metrics summary endpoint,New,"Commit related code/docs, reference the Azure Boards work item in the commit, and capture validation notes for Implement aggregate metrics summary endpoint.",,ClinicalPulse; Sprint-7; Phase-7; E07; F07.02; Endpoint; Metrics; Evidence; AP-ClinicalPulse\FHIR API; IP-ClinicalPulse\Sprint 7 - FHIR API Component
Feature,,Testing and API Documentation,,,New,Test and document the API component.,,ClinicalPulse; Sprint-7; Phase-7; E07; F07.03; Testing; AP-ClinicalPulse\FHIR API; IP-ClinicalPulse\Sprint 7 - FHIR API Component
User Story,,,Add endpoint tests,,New,"As a developer, I want add endpoint tests so that API endpoints have basic pytest coverage for status codes and response shapes.",Deliverable exists at tests/test_api_endpoints.py; content aligns with the ClinicalPulse specification; reviewer can trace the work item to a committed artifact; assumptions and limitations are documented where relevant.,ClinicalPulse; Sprint-7; Phase-7; E07; F07.03; Testing; AP-ClinicalPulse\FHIR API; IP-ClinicalPulse\Sprint 7 - FHIR API Component
Task,,,,Draft/build artifact for Add endpoint tests,New,Create the first complete version of the artifact or implementation for Add endpoint tests.,,ClinicalPulse; Sprint-7; Phase-7; E07; F07.03; Testing; AP-ClinicalPulse\FHIR API; IP-ClinicalPulse\Sprint 7 - FHIR API Component
Task,,,,Validate and document Add endpoint tests,New,"Check the work against acceptance criteria, document assumptions, and record evidence for Add endpoint tests.",,ClinicalPulse; Sprint-7; Phase-7; E07; F07.03; Testing; AP-ClinicalPulse\FHIR API; IP-ClinicalPulse\Sprint 7 - FHIR API Component
Task,,,,Commit and link implementation evidence for Add endpoint tests,New,"Commit related code/docs, reference the Azure Boards work item in the commit, and capture validation notes for Add endpoint tests.",,ClinicalPulse; Sprint-7; Phase-7; E07; F07.03; Testing; Evidence; AP-ClinicalPulse\FHIR API; IP-ClinicalPulse\Sprint 7 - FHIR API Component
User Story,,,Export sample FHIR-style JSON responses,,New,"As a developer, I want export sample fhir-style json responses so that sample Patient, Encounter, Observation, and Condition responses are committed as documentation examples.",Deliverable exists at src/export_fhir_examples.py; docs/examples/; content aligns with the ClinicalPulse specification; reviewer can trace the work item to a committed artifact; assumptions and limitations are documented where relevant.,ClinicalPulse; Sprint-7; Phase-7; E07; F07.03; FHIR-JSON; AP-ClinicalPulse\FHIR API; IP-ClinicalPulse\Sprint 7 - FHIR API Component
Task,,,,Draft/build artifact for Export sample FHIR-style JSON responses,New,Create the first complete version of the artifact or implementation for Export sample FHIR-style JSON responses.,,ClinicalPulse; Sprint-7; Phase-7; E07; F07.03; FHIR-JSON; AP-ClinicalPulse\FHIR API; IP-ClinicalPulse\Sprint 7 - FHIR API Component
Task,,,,Validate and document Export sample FHIR-style JSON responses,New,"Check the work against acceptance criteria, document assumptions, and record evidence for Export sample FHIR-style JSON responses.",,ClinicalPulse; Sprint-7; Phase-7; E07; F07.03; FHIR-JSON; AP-ClinicalPulse\FHIR API; IP-ClinicalPulse\Sprint 7 - FHIR API Component
User Story,,,Create API reference documentation,,New,"As a reviewer, I want create api reference documentation so that endpoint purpose, parameters, response examples, limitations, and demo boundaries are documented.",Deliverable exists at docs/api_reference.md; content aligns with the ClinicalPulse specification; reviewer can trace the work item to a committed artifact; assumptions and limitations are documented where relevant.,ClinicalPulse; Sprint-7; Phase-7; E07; F07.03; API-Docs; AP-ClinicalPulse\FHIR API; IP-ClinicalPulse\Sprint 7 - FHIR API Component
Task,,,,Draft/build artifact for Create API reference documentation,New,Create the first complete version of the artifact or implementation for Create API reference documentation.,,ClinicalPulse; Sprint-7; Phase-7; E07; F07.03; API-Docs; AP-ClinicalPulse\FHIR API; IP-ClinicalPulse\Sprint 7 - FHIR API Component
Task,,,,Validate and document Create API reference documentation,New,"Check the work against acceptance criteria, document assumptions, and record evidence for Create API reference documentation.",,ClinicalPulse; Sprint-7; Phase-7; E07; F07.03; API-Docs; AP-ClinicalPulse\FHIR API; IP-ClinicalPulse\Sprint 7 - FHIR API Component
Epic,Documentation & Portfolio Delivery,,,,New,"Package the project for public portfolio review with clear README, architecture narrative, adoption plan, and interview evidence.",,ClinicalPulse; Sprint-8; Phase-8; E08; Documentation; Portfolio; AP-ClinicalPulse\Documentation & Portfolio; IP-ClinicalPulse\Sprint 8 - Governance and Portfolio Delivery
Feature,,README and Architecture Story,,,New,Make the project easy to understand from the repository landing page.,,ClinicalPulse; Sprint-8; Phase-8; E08; F08.01; README; AP-ClinicalPulse\Documentation & Portfolio; IP-ClinicalPulse\Sprint 8 - Governance and Portfolio Delivery
User Story,,,Write README project narrative,,New,"As a recruiter, I want write readme project narrative so that the project thesis, stack, business problem, and deliverables are clear from the README.",Deliverable exists at README.md; content aligns with the ClinicalPulse specification; reviewer can trace the work item to a committed artifact; assumptions and limitations are documented where relevant.,ClinicalPulse; Sprint-8; Phase-8; E08; F08.01; README; AP-ClinicalPulse\Documentation & Portfolio; IP-ClinicalPulse\Sprint 8 - Governance and Portfolio Delivery
Task,,,,Draft/build artifact for Write README project narrative,New,Create the first complete version of the artifact or implementation for Write README project narrative.,,ClinicalPulse; Sprint-8; Phase-8; E08; F08.01; README; AP-ClinicalPulse\Documentation & Portfolio; IP-ClinicalPulse\Sprint 8 - Governance and Portfolio Delivery
Task,,,,Validate and document Write README project narrative,New,"Check the work against acceptance criteria, document assumptions, and record evidence for Write README project narrative.",,ClinicalPulse; Sprint-8; Phase-8; E08; F08.01; README; AP-ClinicalPulse\Documentation & Portfolio; IP-ClinicalPulse\Sprint 8 - Governance and Portfolio Delivery
User Story,,,Create final architecture diagram,,New,"As a technical reviewer, I want create final architecture diagram so that the flow from Synthea to SQL Server to Power BI/governance/FHIR API is visually clear.",Deliverable exists at docs/architecture_diagram.png; content aligns with the ClinicalPulse specification; reviewer can trace the work item to a committed artifact; assumptions and limitations are documented where relevant.,ClinicalPulse; Sprint-8; Phase-8; E08; F08.01; Architecture-Diagram; AP-ClinicalPulse\Documentation & Portfolio; IP-ClinicalPulse\Sprint 8 - Governance and Portfolio Delivery
Task,,,,Draft/build artifact for Create final architecture diagram,New,Create the first complete version of the artifact or implementation for Create final architecture diagram.,,ClinicalPulse; Sprint-8; Phase-8; E08; F08.01; Architecture-Diagram; AP-ClinicalPulse\Documentation & Portfolio; IP-ClinicalPulse\Sprint 8 - Governance and Portfolio Delivery
Task,,,,Validate and document Create final architecture diagram,New,"Check the work against acceptance criteria, document assumptions, and record evidence for Create final architecture diagram.",,ClinicalPulse; Sprint-8; Phase-8; E08; F08.01; Architecture-Diagram; AP-ClinicalPulse\Documentation & Portfolio; IP-ClinicalPulse\Sprint 8 - Governance and Portfolio Delivery
User Story,,,Create public portfolio safety section,,New,"As a reviewer, I want create public portfolio safety section so that the repository clearly states synthetic-data boundaries and excluded artifacts.",Deliverable exists at README.md; docs/security_model.md; content aligns with the ClinicalPulse specification; reviewer can trace the work item to a committed artifact; assumptions and limitations are documented where relevant.,ClinicalPulse; Sprint-8; Phase-8; E08; F08.01; Portfolio-Safe; AP-ClinicalPulse\Documentation & Portfolio; IP-ClinicalPulse\Sprint 8 - Governance and Portfolio Delivery
Task,,,,Draft/build artifact for Create public portfolio safety section,New,Create the first complete version of the artifact or implementation for Create public portfolio safety section.,,ClinicalPulse; Sprint-8; Phase-8; E08; F08.01; Portfolio-Safe; AP-ClinicalPulse\Documentation & Portfolio; IP-ClinicalPulse\Sprint 8 - Governance and Portfolio Delivery
Task,,,,Validate and document Create public portfolio safety section,New,"Check the work against acceptance criteria, document assumptions, and record evidence for Create public portfolio safety section.",,ClinicalPulse; Sprint-8; Phase-8; E08; F08.01; Portfolio-Safe; AP-ClinicalPulse\Documentation & Portfolio; IP-ClinicalPulse\Sprint 8 - Governance and Portfolio Delivery
Feature,,Adoption and Stakeholder Enablement,,,New,Document how dashboard users would adopt and give feedback on the reporting product.,,ClinicalPulse; Sprint-8; Phase-8; E08; F08.02; Adoption; AP-ClinicalPulse\Documentation & Portfolio; IP-ClinicalPulse\Sprint 8 - Governance and Portfolio Delivery
User Story,,,Create adoption plan,,New,"As a operational leader, I want create adoption plan so that training approach, audience, feedback loop, and success measures are documented.",Deliverable exists at docs/adoption_plan.md; content aligns with the ClinicalPulse specification; reviewer can trace the work item to a committed artifact; assumptions and limitations are documented where relevant.,ClinicalPulse; Sprint-8; Phase-8; E08; F08.02; Adoption; AP-ClinicalPulse\Documentation & Portfolio; IP-ClinicalPulse\Sprint 8 - Governance and Portfolio Delivery
Task,,,,Draft/build artifact for Create adoption plan,New,Create the first complete version of the artifact or implementation for Create adoption plan.,,ClinicalPulse; Sprint-8; Phase-8; E08; F08.02; Adoption; AP-ClinicalPulse\Documentation & Portfolio; IP-ClinicalPulse\Sprint 8 - Governance and Portfolio Delivery
Task,,,,Validate and document Create adoption plan,New,"Check the work against acceptance criteria, document assumptions, and record evidence for Create adoption plan.",,ClinicalPulse; Sprint-8; Phase-8; E08; F08.02; Adoption; AP-ClinicalPulse\Documentation & Portfolio; IP-ClinicalPulse\Sprint 8 - Governance and Portfolio Delivery
User Story,,,Create dashboard user guide,,New,"As a dashboard consumer, I want create dashboard user guide so that users can interpret filters, KPIs, dashboard pages, and known limitations.",Deliverable exists at docs/dashboard_user_guide.md; content aligns with the ClinicalPulse specification; reviewer can trace the work item to a committed artifact; assumptions and limitations are documented where relevant.,ClinicalPulse; Sprint-8; Phase-8; E08; F08.02; User-Guide; AP-ClinicalPulse\Documentation & Portfolio; IP-ClinicalPulse\Sprint 8 - Governance and Portfolio Delivery
Task,,,,Draft/build artifact for Create dashboard user guide,New,Create the first complete version of the artifact or implementation for Create dashboard user guide.,,ClinicalPulse; Sprint-8; Phase-8; E08; F08.02; User-Guide; AP-ClinicalPulse\Documentation & Portfolio; IP-ClinicalPulse\Sprint 8 - Governance and Portfolio Delivery
Task,,,,Validate and document Create dashboard user guide,New,"Check the work against acceptance criteria, document assumptions, and record evidence for Create dashboard user guide.",,ClinicalPulse; Sprint-8; Phase-8; E08; F08.02; User-Guide; AP-ClinicalPulse\Documentation & Portfolio; IP-ClinicalPulse\Sprint 8 - Governance and Portfolio Delivery
User Story,,,Create feedback and change-control loop,,New,"As a project owner, I want create feedback and change-control loop so that future KPI/dashboard changes have an intake and documentation process.",Deliverable exists at docs/change_control.md; content aligns with the ClinicalPulse specification; reviewer can trace the work item to a committed artifact; assumptions and limitations are documented where relevant.,ClinicalPulse; Sprint-8; Phase-8; E08; F08.02; Change-Control; AP-ClinicalPulse\Documentation & Portfolio; IP-ClinicalPulse\Sprint 8 - Governance and Portfolio Delivery
Task,,,,Draft/build artifact for Create feedback and change-control loop,New,Create the first complete version of the artifact or implementation for Create feedback and change-control loop.,,ClinicalPulse; Sprint-8; Phase-8; E08; F08.02; Change-Control; AP-ClinicalPulse\Documentation & Portfolio; IP-ClinicalPulse\Sprint 8 - Governance and Portfolio Delivery
Task,,,,Validate and document Create feedback and change-control loop,New,"Check the work against acceptance criteria, document assumptions, and record evidence for Create feedback and change-control loop.",,ClinicalPulse; Sprint-8; Phase-8; E08; F08.02; Change-Control; AP-ClinicalPulse\Documentation & Portfolio; IP-ClinicalPulse\Sprint 8 - Governance and Portfolio Delivery
Feature,,Final Portfolio Packaging,,,New,Prepare the finished project for external review.,,ClinicalPulse; Sprint-8; Phase-8; E08; F08.03; Final; AP-ClinicalPulse\Documentation & Portfolio; IP-ClinicalPulse\Sprint 8 - Governance and Portfolio Delivery
User Story,,,Create final project walkthrough,,New,"As a portfolio reviewer, I want create final project walkthrough so that the project has a concise walkthrough tying business, governance, technical build, and outputs together.",Deliverable exists at docs/final_walkthrough.md; content aligns with the ClinicalPulse specification; reviewer can trace the work item to a committed artifact; assumptions and limitations are documented where relevant.,ClinicalPulse; Sprint-8; Phase-8; E08; F08.03; Portfolio; AP-ClinicalPulse\Documentation & Portfolio; IP-ClinicalPulse\Sprint 8 - Governance and Portfolio Delivery
Task,,,,Draft/build artifact for Create final project walkthrough,New,Create the first complete version of the artifact or implementation for Create final project walkthrough.,,ClinicalPulse; Sprint-8; Phase-8; E08; F08.03; Portfolio; AP-ClinicalPulse\Documentation & Portfolio; IP-ClinicalPulse\Sprint 8 - Governance and Portfolio Delivery
Task,,,,Validate and document Create final project walkthrough,New,"Check the work against acceptance criteria, document assumptions, and record evidence for Create final project walkthrough.",,ClinicalPulse; Sprint-8; Phase-8; E08; F08.03; Portfolio; AP-ClinicalPulse\Documentation & Portfolio; IP-ClinicalPulse\Sprint 8 - Governance and Portfolio Delivery
User Story,,,Clean repository and verify folder structure,,New,"As a developer, I want clean repository and verify folder structure so that the repository matches the documented structure and contains no unsafe files.",Deliverable exists at docs/release_checklist.md; content aligns with the ClinicalPulse specification; reviewer can trace the work item to a committed artifact; assumptions and limitations are documented where relevant.,ClinicalPulse; Sprint-8; Phase-8; E08; F08.03; Repo-Safety; AP-ClinicalPulse\Documentation & Portfolio; IP-ClinicalPulse\Sprint 8 - Governance and Portfolio Delivery
Task,,,,Draft/build artifact for Clean repository and verify folder structure,New,Create the first complete version of the artifact or implementation for Clean repository and verify folder structure.,,ClinicalPulse; Sprint-8; Phase-8; E08; F08.03; Repo-Safety; AP-ClinicalPulse\Documentation & Portfolio; IP-ClinicalPulse\Sprint 8 - Governance and Portfolio Delivery
Task,,,,Validate and document Clean repository and verify folder structure,New,"Check the work against acceptance criteria, document assumptions, and record evidence for Clean repository and verify folder structure.",,ClinicalPulse; Sprint-8; Phase-8; E08; F08.03; Repo-Safety; AP-ClinicalPulse\Documentation & Portfolio; IP-ClinicalPulse\Sprint 8 - Governance and Portfolio Delivery
User Story,,,Prepare resume and interview talking points,,New,"As a job candidate, I want prepare resume and interview talking points so that the project can be explained in healthcare BI/data interview language.",Deliverable exists at docs/interview_talking_points.md; content aligns with the ClinicalPulse specification; reviewer can trace the work item to a committed artifact; assumptions and limitations are documented where relevant.,ClinicalPulse; Sprint-8; Phase-8; E08; F08.03; Interview; AP-ClinicalPulse\Documentation & Portfolio; IP-ClinicalPulse\Sprint 8 - Governance and Portfolio Delivery
Task,,,,Draft/build artifact for Prepare resume and interview talking points,New,Create the first complete version of the artifact or implementation for Prepare resume and interview talking points.,,ClinicalPulse; Sprint-8; Phase-8; E08; F08.03; Interview; AP-ClinicalPulse\Documentation & Portfolio; IP-ClinicalPulse\Sprint 8 - Governance and Portfolio Delivery
Task,,,,Validate and document Prepare resume and interview talking points,New,"Check the work against acceptance criteria, document assumptions, and record evidence for Prepare resume and interview talking points.",,ClinicalPulse; Sprint-8; Phase-8; E08; F08.03; Interview; AP-ClinicalPulse\Documentation & Portfolio; IP-ClinicalPulse\Sprint 8 - Governance and Portfolio Delivery
User Story,,,Create final release tag and evidence checklist,,New,"As a project owner, I want create final release tag and evidence checklist so that final deliverables, screenshots, validation logs, and release evidence are recorded.",Deliverable exists at docs/release_checklist.md; content aligns with the ClinicalPulse specification; reviewer can trace the work item to a committed artifact; assumptions and limitations are documented where relevant.,ClinicalPulse; Sprint-8; Phase-8; E08; F08.03; Release; AP-ClinicalPulse\Documentation & Portfolio; IP-ClinicalPulse\Sprint 8 - Governance and Portfolio Delivery
Task,,,,Draft/build artifact for Create final release tag and evidence checklist,New,Create the first complete version of the artifact or implementation for Create final release tag and evidence checklist.,,ClinicalPulse; Sprint-8; Phase-8; E08; F08.03; Release; AP-ClinicalPulse\Documentation & Portfolio; IP-ClinicalPulse\Sprint 8 - Governance and Portfolio Delivery
Task,,,,Validate and document Create final release tag and evidence checklist,New,"Check the work against acceptance criteria, document assumptions, and record evidence for Create final release tag and evidence checklist.",,ClinicalPulse; Sprint-8; Phase-8; E08; F08.03; Release; AP-ClinicalPulse\Documentation & Portfolio; IP-ClinicalPulse\Sprint 8 - Governance and Portfolio Delivery
Epic,Optional Pipeline Hardening,,,,New,"Add Azure Pipeline checks for tests, linting, forbidden files, documentation completeness, and DevOps evidence.",,ClinicalPulse; Sprint-9; Phase-9; E09; Pipeline; Optional; AP-ClinicalPulse\DevOps & Delivery; IP-ClinicalPulse\Sprint 9 - Optional Pipeline Hardening
Feature,,Test Automation,,,New,"Create automated tests for quality checks, configuration, and API behavior.",,ClinicalPulse; Sprint-9; Phase-9; E09; F09.01; Test; AP-ClinicalPulse\DevOps & Delivery; IP-ClinicalPulse\Sprint 9 - Optional Pipeline Hardening
User Story,,,Create pytest suite for quality rules,,New,"As a developer, I want create pytest suite for quality rules so that data quality logic has repeatable automated test coverage.",Deliverable exists at tests/test_quality_rules.py; content aligns with the ClinicalPulse specification; reviewer can trace the work item to a committed artifact; assumptions and limitations are documented where relevant.,ClinicalPulse; Sprint-9; Phase-9; E09; F09.01; Pytest; AP-ClinicalPulse\DevOps & Delivery; IP-ClinicalPulse\Sprint 9 - Optional Pipeline Hardening
Task,,,,Draft/build artifact for Create pytest suite for quality rules,New,Create the first complete version of the artifact or implementation for Create pytest suite for quality rules.,,ClinicalPulse; Sprint-9; Phase-9; E09; F09.01; Pytest; AP-ClinicalPulse\DevOps & Delivery; IP-ClinicalPulse\Sprint 9 - Optional Pipeline Hardening
Task,,,,Validate and document Create pytest suite for quality rules,New,"Check the work against acceptance criteria, document assumptions, and record evidence for Create pytest suite for quality rules.",,ClinicalPulse; Sprint-9; Phase-9; E09; F09.01; Pytest; AP-ClinicalPulse\DevOps & Delivery; IP-ClinicalPulse\Sprint 9 - Optional Pipeline Hardening
Task,,,,Commit and link implementation evidence for Create pytest suite for quality rules,New,"Commit related code/docs, reference the Azure Boards work item in the commit, and capture validation notes for Create pytest suite for quality rules.",,ClinicalPulse; Sprint-9; Phase-9; E09; F09.01; Pytest; Evidence; AP-ClinicalPulse\DevOps & Delivery; IP-ClinicalPulse\Sprint 9 - Optional Pipeline Hardening
User Story,,,Create API endpoint and FHIR shape tests,,New,"As a developer, I want create api endpoint and fhir shape tests so that endpoint responses and FHIR-style JSON shapes are checked automatically.",Deliverable exists at tests/test_api_endpoints.py; tests/test_fhir_shapes.py; content aligns with the ClinicalPulse specification; reviewer can trace the work item to a committed artifact; assumptions and limitations are documented where relevant.,ClinicalPulse; Sprint-9; Phase-9; E09; F09.01; Pytest; FHIR; AP-ClinicalPulse\DevOps & Delivery; IP-ClinicalPulse\Sprint 9 - Optional Pipeline Hardening
Task,,,,Draft/build artifact for Create API endpoint and FHIR shape tests,New,Create the first complete version of the artifact or implementation for Create API endpoint and FHIR shape tests.,,ClinicalPulse; Sprint-9; Phase-9; E09; F09.01; Pytest; FHIR; AP-ClinicalPulse\DevOps & Delivery; IP-ClinicalPulse\Sprint 9 - Optional Pipeline Hardening
Task,,,,Validate and document Create API endpoint and FHIR shape tests,New,"Check the work against acceptance criteria, document assumptions, and record evidence for Create API endpoint and FHIR shape tests.",,ClinicalPulse; Sprint-9; Phase-9; E09; F09.01; Pytest; FHIR; AP-ClinicalPulse\DevOps & Delivery; IP-ClinicalPulse\Sprint 9 - Optional Pipeline Hardening
Task,,,,Commit and link implementation evidence for Create API endpoint and FHIR shape tests,New,"Commit related code/docs, reference the Azure Boards work item in the commit, and capture validation notes for Create API endpoint and FHIR shape tests.",,ClinicalPulse; Sprint-9; Phase-9; E09; F09.01; Pytest; FHIR; Evidence; AP-ClinicalPulse\DevOps & Delivery; IP-ClinicalPulse\Sprint 9 - Optional Pipeline Hardening
User Story,,,Create configuration and secrets safety tests,,New,"As a developer, I want create configuration and secrets safety tests so that tests guard against missing config assumptions and accidental secret exposure.",Deliverable exists at tests/test_config.py; content aligns with the ClinicalPulse specification; reviewer can trace the work item to a committed artifact; assumptions and limitations are documented where relevant.,ClinicalPulse; Sprint-9; Phase-9; E09; F09.01; Secrets; Repo-Safety; AP-ClinicalPulse\DevOps & Delivery; IP-ClinicalPulse\Sprint 9 - Optional Pipeline Hardening
Task,,,,Draft/build artifact for Create configuration and secrets safety tests,New,Create the first complete version of the artifact or implementation for Create configuration and secrets safety tests.,,ClinicalPulse; Sprint-9; Phase-9; E09; F09.01; Secrets; Repo-Safety; AP-ClinicalPulse\DevOps & Delivery; IP-ClinicalPulse\Sprint 9 - Optional Pipeline Hardening
Task,,,,Validate and document Create configuration and secrets safety tests,New,"Check the work against acceptance criteria, document assumptions, and record evidence for Create configuration and secrets safety tests.",,ClinicalPulse; Sprint-9; Phase-9; E09; F09.01; Secrets; Repo-Safety; AP-ClinicalPulse\DevOps & Delivery; IP-ClinicalPulse\Sprint 9 - Optional Pipeline Hardening
Task,,,,Commit and link implementation evidence for Create configuration and secrets safety tests,New,"Commit related code/docs, reference the Azure Boards work item in the commit, and capture validation notes for Create configuration and secrets safety tests.",,ClinicalPulse; Sprint-9; Phase-9; E09; F09.01; Secrets; Repo-Safety; Evidence; AP-ClinicalPulse\DevOps & Delivery; IP-ClinicalPulse\Sprint 9 - Optional Pipeline Hardening
Feature,,CI Pipeline,,,New,Create an Azure Pipeline for repository hygiene and test execution.,,ClinicalPulse; Sprint-9; Phase-9; E09; F09.02; CI; AP-ClinicalPulse\DevOps & Delivery; IP-ClinicalPulse\Sprint 9 - Optional Pipeline Hardening
User Story,,,Create Azure Pipeline YAML,,New,"As a developer, I want create azure pipeline yaml so that the project has a pipeline definition committed to the repository.",Deliverable exists at azure-pipelines.yml; content aligns with the ClinicalPulse specification; reviewer can trace the work item to a committed artifact; assumptions and limitations are documented where relevant.,ClinicalPulse; Sprint-9; Phase-9; E09; F09.02; Azure-Pipelines; AP-ClinicalPulse\DevOps & Delivery; IP-ClinicalPulse\Sprint 9 - Optional Pipeline Hardening
Task,,,,Draft/build artifact for Create Azure Pipeline YAML,New,Create the first complete version of the artifact or implementation for Create Azure Pipeline YAML.,,ClinicalPulse; Sprint-9; Phase-9; E09; F09.02; Azure-Pipelines; AP-ClinicalPulse\DevOps & Delivery; IP-ClinicalPulse\Sprint 9 - Optional Pipeline Hardening
Task,,,,Validate and document Create Azure Pipeline YAML,New,"Check the work against acceptance criteria, document assumptions, and record evidence for Create Azure Pipeline YAML.",,ClinicalPulse; Sprint-9; Phase-9; E09; F09.02; Azure-Pipelines; AP-ClinicalPulse\DevOps & Delivery; IP-ClinicalPulse\Sprint 9 - Optional Pipeline Hardening
Task,,,,Commit and link implementation evidence for Create Azure Pipeline YAML,New,"Commit related code/docs, reference the Azure Boards work item in the commit, and capture validation notes for Create Azure Pipeline YAML.",,ClinicalPulse; Sprint-9; Phase-9; E09; F09.02; Azure-Pipelines; Evidence; AP-ClinicalPulse\DevOps & Delivery; IP-ClinicalPulse\Sprint 9 - Optional Pipeline Hardening
User Story,,,"Add lint, test, and documentation checks",,New,"As a developer, I want add lint, test, and documentation checks so that the pipeline runs tests and checks that key documentation files exist.",Deliverable exists at azure-pipelines.yml; content aligns with the ClinicalPulse specification; reviewer can trace the work item to a committed artifact; assumptions and limitations are documented where relevant.,ClinicalPulse; Sprint-9; Phase-9; E09; F09.02; CI; AP-ClinicalPulse\DevOps & Delivery; IP-ClinicalPulse\Sprint 9 - Optional Pipeline Hardening
Task,,,,"Draft/build artifact for Add lint, test, and documentation checks",New,"Create the first complete version of the artifact or implementation for Add lint, test, and documentation checks.",,ClinicalPulse; Sprint-9; Phase-9; E09; F09.02; CI; AP-ClinicalPulse\DevOps & Delivery; IP-ClinicalPulse\Sprint 9 - Optional Pipeline Hardening
Task,,,,"Validate and document Add lint, test, and documentation checks",New,"Check the work against acceptance criteria, document assumptions, and record evidence for Add lint, test, and documentation checks.",,ClinicalPulse; Sprint-9; Phase-9; E09; F09.02; CI; AP-ClinicalPulse\DevOps & Delivery; IP-ClinicalPulse\Sprint 9 - Optional Pipeline Hardening
User Story,,,Add forbidden-file checks,,New,"As a developer, I want add forbidden-file checks so that the pipeline blocks raw data, .env files, backups, and Power BI binaries from accidental commit.",Deliverable exists at scripts/check_forbidden_files.py; azure-pipelines.yml; content aligns with the ClinicalPulse specification; reviewer can trace the work item to a committed artifact; assumptions and limitations are documented where relevant.,ClinicalPulse; Sprint-9; Phase-9; E09; F09.02; Repo-Safety; AP-ClinicalPulse\DevOps & Delivery; IP-ClinicalPulse\Sprint 9 - Optional Pipeline Hardening
Task,,,,Draft/build artifact for Add forbidden-file checks,New,Create the first complete version of the artifact or implementation for Add forbidden-file checks.,,ClinicalPulse; Sprint-9; Phase-9; E09; F09.02; Repo-Safety; AP-ClinicalPulse\DevOps & Delivery; IP-ClinicalPulse\Sprint 9 - Optional Pipeline Hardening
Task,,,,Validate and document Add forbidden-file checks,New,"Check the work against acceptance criteria, document assumptions, and record evidence for Add forbidden-file checks.",,ClinicalPulse; Sprint-9; Phase-9; E09; F09.02; Repo-Safety; AP-ClinicalPulse\DevOps & Delivery; IP-ClinicalPulse\Sprint 9 - Optional Pipeline Hardening
Feature,,DevOps Evidence,,,New,Document pipeline behavior and delivery discipline.,,ClinicalPulse; Sprint-9; Phase-9; E09; F09.03; DevOps; AP-ClinicalPulse\DevOps & Delivery; IP-ClinicalPulse\Sprint 9 - Optional Pipeline Hardening
User Story,,,Document pipeline results,,New,"As a reviewer, I want document pipeline results so that pipeline outcomes are explained and screenshotted for portfolio evidence.",Deliverable exists at docs/pipeline_notes.md; content aligns with the ClinicalPulse specification; reviewer can trace the work item to a committed artifact; assumptions and limitations are documented where relevant.,ClinicalPulse; Sprint-9; Phase-9; E09; F09.03; Evidence; AP-ClinicalPulse\DevOps & Delivery; IP-ClinicalPulse\Sprint 9 - Optional Pipeline Hardening
Task,,,,Draft/build artifact for Document pipeline results,New,Create the first complete version of the artifact or implementation for Document pipeline results.,,ClinicalPulse; Sprint-9; Phase-9; E09; F09.03; Evidence; AP-ClinicalPulse\DevOps & Delivery; IP-ClinicalPulse\Sprint 9 - Optional Pipeline Hardening
Task,,,,Validate and document Document pipeline results,New,"Check the work against acceptance criteria, document assumptions, and record evidence for Document pipeline results.",,ClinicalPulse; Sprint-9; Phase-9; E09; F09.03; Evidence; AP-ClinicalPulse\DevOps & Delivery; IP-ClinicalPulse\Sprint 9 - Optional Pipeline Hardening
Task,,,,Commit and link implementation evidence for Document pipeline results,New,"Commit related code/docs, reference the Azure Boards work item in the commit, and capture validation notes for Document pipeline results.",,ClinicalPulse; Sprint-9; Phase-9; E09; F09.03; Evidence; AP-ClinicalPulse\DevOps & Delivery; IP-ClinicalPulse\Sprint 9 - Optional Pipeline Hardening
User Story,,,Add build badge or status notes,,New,"As a reviewer, I want add build badge or status notes so that the README shows pipeline status or explains local-only status clearly.",Deliverable exists at README.md; content aligns with the ClinicalPulse specification; reviewer can trace the work item to a committed artifact; assumptions and limitations are documented where relevant.,ClinicalPulse; Sprint-9; Phase-9; E09; F09.03; README; CI; AP-ClinicalPulse\DevOps & Delivery; IP-ClinicalPulse\Sprint 9 - Optional Pipeline Hardening
Task,,,,Draft/build artifact for Add build badge or status notes,New,Create the first complete version of the artifact or implementation for Add build badge or status notes.,,ClinicalPulse; Sprint-9; Phase-9; E09; F09.03; README; CI; AP-ClinicalPulse\DevOps & Delivery; IP-ClinicalPulse\Sprint 9 - Optional Pipeline Hardening
Task,,,,Validate and document Add build badge or status notes,New,"Check the work against acceptance criteria, document assumptions, and record evidence for Add build badge or status notes.",,ClinicalPulse; Sprint-9; Phase-9; E09; F09.03; README; CI; AP-ClinicalPulse\DevOps & Delivery; IP-ClinicalPulse\Sprint 9 - Optional Pipeline Hardening
User Story,,,Create final DevOps retrospective,,New,"As a project owner, I want create final devops retrospective so that delivery lessons, limitations, and future improvements are recorded.",Deliverable exists at docs/devops_retrospective.md; content aligns with the ClinicalPulse specification; reviewer can trace the work item to a committed artifact; assumptions and limitations are documented where relevant.,ClinicalPulse; Sprint-9; Phase-9; E09; F09.03; Retrospective; AP-ClinicalPulse\DevOps & Delivery; IP-ClinicalPulse\Sprint 9 - Optional Pipeline Hardening
Task,,,,Draft/build artifact for Create final DevOps retrospective,New,Create the first complete version of the artifact or implementation for Create final DevOps retrospective.,,ClinicalPulse; Sprint-9; Phase-9; E09; F09.03; Retrospective; AP-ClinicalPulse\DevOps & Delivery; IP-ClinicalPulse\Sprint 9 - Optional Pipeline Hardening
Task,,,,Validate and document Create final DevOps retrospective,New,"Check the work against acceptance criteria, document assumptions, and record evidence for Create final DevOps retrospective.",,ClinicalPulse; Sprint-9; Phase-9; E09; F09.03; Retrospective; AP-ClinicalPulse\DevOps & Delivery; IP-ClinicalPulse\Sprint 9 - Optional Pipeline Hardening
